file,extension,path,item_uid_do_not_translate,lang_item_name,lang_item_definite_article,lang_item_indefinite_article,lang_item_demonstrative_article,lang_item_description
abyssaloreitem,.lang,items\lang\german\abyssaloreitem.lang,Abyssal Ore,Abyssal-Erz,das,ein,dieses,Ein dunkler Klumpen von tiefschwarzem Erz.
adderitem,.lang,items\lang\german\adderitem.lang,Adder,Kreuzotter,die,eine,diese,Eine giftige Kreatur mit dunkler Zeichnung.
alexandriteitem,.lang,items\lang\german\alexandriteitem.lang,Alexandrite,Alexandrit,der,ein,dieser,"Ein fabelhaftes, seltenes Juwel! Es scheint unter verschiedenen Lichtverhältnissen entweder rot oder grün zu leuchten."
amanitaitem,.lang,items\lang\german\amanitaitem.lang,Amanita,Fliegenpilz,der,ein,dieser,"Ein mysteriöser Rotkappenpilz, der in vielen Varianten vorkommt. Einige sind essbar, andere nicht. Wer weiß, was passiert, wenn man ihn isst?"
amberitem,.lang,items\lang\german\amberitem.lang,Amber,Bernstein,der,ein,dieser,Ein wunderschönes dunkles Harz mit Schattierungen von Orange und Gold.
amethystitem,.lang,items\lang\german\amethystitem.lang,Amethyst,Amethyst,der,ein,dieser,Aus dem Inneren dieses Steins leuchten schillernde lila Kristalle.
antlersaccessoryitem,.lang,items\lang\german\antlersaccessoryitem.lang,Antlers Accessory,Geweih,das,ein,dieses,"Festliches Rentiergeweih, das an verschneite Tage erinnert."
anvilfurnitureitem,.lang,items\lang\german\anvilfurnitureitem.lang,Anvil Furniture,Amboss,der,ein,dieser,"Handwerksstation. Benutze diesen Amboss, um jederzeit von deiner Höhle aus auf die Rezepte der Maulwurfsschmiede zugreifen zu können."
aquamarineitem,.lang,items\lang\german\aquamarineitem.lang,Aquamarine,Aquamarin,der,ein,dieser,Ein wundersamer Beryll in tiefem Blau.
ashbeetleitem,.lang,items\lang\german\ashbeetleitem.lang,Ash Beetle,Eschenprachtkäfer,der,ein,dieser,Ein großer Käfer mit einem gedämpften grünen Panzer.
autographitem,.lang,items\lang\german\autographitem.lang,Autograph,Autogramm,das,ein,dieses,Ein hastig gekritzeltes Autogramm von Zephyr.
autumn1recorditem,.lang,items\lang\german\autumn1recorditem.lang,Autumn 1 Record,Herbst 1,der,ein,dieser,"Eine Schallplatte, die du auf dem Plattenspieler in deiner Höhle abspielen kannst. Dieser Titel ist eine beruhigende Herbstmelodie."
autumn2recorditem,.lang,items\lang\german\autumn2recorditem.lang,Autumn 2 Record,Herbst 2,der,ein,dieser,"Eine Schallplatte, die du auf dem Plattenspieler in deiner Höhle abspielen kannst. Dieser Titel ist eine luftige Herbstmelodie."
autumn3recorditem,.lang,items\lang\german\autumn3recorditem.lang,Autumn 3 Record,Herbst 3,der,ein,dieser,"Eine Schallplatte, die du auf dem Plattenspieler in deiner Höhle abspielen kannst. Dieser Titel ist eine coole Herbstmelodie."
autumnfestivalrecorditem,.lang,items\lang\german\autumnfestivalrecorditem.lang,Autumn Festival Record,Herbstfest,das,ein,dieses,"Eine Schallplatte, die du auf dem Plattenspieler in deiner Höhle abspielen kannst. Dieser Titel ist eine Herbstparty-Melodie."
bandeddarteritem,.lang,items\lang\german\bandeddarteritem.lang,Banded Darter,Gebänderte Heidelibelle,die,eine,diese,Eine schlanke juwelenfarbene Libelle. Benannt nach den dunklen Linien auf ihren Flügeln.
barbelitem,.lang,items\lang\german\barbelitem.lang,Barbel,Barbe,die,eine,diese,"Ein hell gefärbter Süßwasserfisch mit langen, katzenartigen Schnurrhaaren. Ein köstliches Mahl!"
barkbeetleitem,.lang,items\lang\german\barkbeetleitem.lang,Bark Beetle,Borkenkäfer,der,ein,dieser,Ein großer Käfer mit staubroten Flügeldecken.
barrelfurnitureitem,.lang,items\lang\german\barrelfurnitureitem.lang,Barrel Furniture,Fass,das,ein,dieses,"Ein rundes, genietetes Fass mit einem hölzernen Deckel."
bassitem,.lang,items\lang\german\bassitem.lang,Bass,Barsch,der,ein,dieser,Ein dunkelgrüner Süßwasserfisch mit einem großen Maul.
batitem,.lang,items\lang\german\batitem.lang,Bat,Fledermaus,die,eine,diese,"Ein seltsames, fliegendes Tier mit großen membranartigen Flügeln."
battlepotionitem,.lang,items\lang\german\battlepotionitem.lang,Battle Potion,Kampftrank,der,ein,dieser,"Ein blubberndes Gebräu mit einem starken Geruch, das eine Katze mit Wut erfüllt und ihre Kampfkraft für kurze Zeit erheblich erhöht."
battlepotionrecipeitem,.lang,items\lang\german\battlepotionrecipeitem.lang,Battle Potion Recipe,Rezept für einen Kampftrank,das,ein,dieses,"Ein blubberndes Gebräu mit einem starken Geruch, das eine Katze mit Wut erfüllt und ihre Kampfkraft für kurze Zeit erheblich erhöht."
beakyaccessoryitem,.lang,items\lang\german\beakyaccessoryitem.lang,Beaky Accessory,Schnabelmaske,die,eine,diese,"Eine seltsame Maske aus verwittertem Material mit einer schlanken, schnabelartigen Nase. Einige glauben, dass sie den Träger vor üblen Krankheiten schützen kann."
beeitem,.lang,items\lang\german\beeitem.lang,Bee,Biene,die,eine,diese,Dieses winzige Insekt hat es in sich! Pass auf den giftigen Stachel auf.
bellaccessoryitem,.lang,items\lang\german\bellaccessoryitem.lang,Bell Accessory,Glocke,die,eine,diese,"Eine goldene Glocke, die an einer schmalen Kette hängt."
bendycurioitem,.lang,items\lang\german\bendycurioitem.lang,Bendy Curio,Biegsame Kuriosität,die,eine,diese,"Ein leichtes, hohles Kunststoffrohr, das an einem Ende gebogen ist."
birdcagefurnitureitem,.lang,items\lang\german\birdcagefurnitureitem.lang,Bird Cage Furniture,Vogelkäfig,der,ein,dieser,"Ein hoher Vogelkäfig aus Messing auf einem Ständer, der eine fröhliche Elster beherbergt."
bismuthitem,.lang,items\lang\german\bismuthitem.lang,Bismuth,Bismut,das,ein,dieses,Ein seltsamer Stein mit vielen scharfen Kanten und einer mehrfarbigen Färbung.
blackberriesfairitem,.lang,items\lang\german\blackberriesfairitem.lang,Blackberries [Fair],Brombeeren,die,ein,diese,"Dunkle Beeren, die selbst den wählerischsten Gaumen zufriedenstellen können."
blackberriesgooditem,.lang,items\lang\german\blackberriesgooditem.lang,Blackberries [Good],Brombeeren,die,ein,diese,"Dunkle Beeren, die selbst den wählerischsten Gaumen zufriedenstellen können."
blackberriespooritem,.lang,items\lang\german\blackberriespooritem.lang,Blackberries [Poor],Brombeeren,die,ein,diese,"Dunkle Beeren, die selbst den wählerischsten Gaumen zufriedenstellen können."
blackberriesseedsitem,.lang,items\lang\german\blackberriesseedsitem.lang,Blackberries Seeds,Brombeersamen,die,ein,diese,"Winzige lila Samen, die von einer Brombeere stammen. Säe sie im Garten aus und beobachte, wie sie wachsen!"
blackberriesseedsrecipeitem,.lang,items\lang\german\blackberriesseedsrecipeitem.lang,Blackberries Seeds Recipe,Rezept für Brombeersamen,das,ein,dieses,Pflanze Brombeeren mit diesen Samen in deinem Garten an! Brombeeren sind ein köstlicher Snack.
blackcavecricketitem,.lang,items\lang\german\blackcavecricketitem.lang,Black Cave Cricket,Schwarze Höhlenschrecke,die,eine,diese,Eine seltsame Kreatur mit blassen blinden Augen. Für das Leben tief unter der Erde ist das Augenlicht nicht besonders nützlich!
blackcrystallampfurnitureitem,.lang,items\lang\german\blackcrystallampfurnitureitem.lang,Black Crystal Lamp Furniture,Schwarze Kristall-Lampe,die,eine,diese,"Eine eigenartige Lampe, hergestellt aus getrockneten Lehmziegeln, verziert mit tiefschwarzen Kristallen, die schwach von innen leuchten."
blackfireflyitem,.lang,items\lang\german\blackfireflyitem.lang,Black Firefly,Schwarzes Glühwürmchen,das,ein,dieses,"Ein seltsamer Sommerkäfer, der das Licht um sich herum verschluckt. Einige glauben, dass der Besuch dieses Wesens ein böses Omen ist."
blackladybugitem,.lang,items\lang\german\blackladybugitem.lang,Black Ladybug,Schwarzer Marienkäfer,der,ein,dieser,Ein seltsamer kleiner Käfer mit grauen Punkten.
blackroseitem,.lang,items\lang\german\blackroseitem.lang,Black Rose,Schwarze Rose,die,eine,diese,"Eine hässliche verwelkte Blume, die niemand gerne sieht. Gib sie einer Katze, um deine Beziehung zu beenden."
blueberriesfairitem,.lang,items\lang\german\blueberriesfairitem.lang,Blueberries [Fair],Blaubeeren,die,ein,diese,Eine glänzende Ansammlung kleiner Beeren an einem leuchtend grünen Stiel.
blueberriesgooditem,.lang,items\lang\german\blueberriesgooditem.lang,Blueberries [Good],Blaubeeren,die,ein,diese,Eine azurblaue Ansammlung kleiner Beeren an einem leuchtend grünen Stiel.
blueberriespooritem,.lang,items\lang\german\blueberriespooritem.lang,Blueberries [Poor],Blaubeeren,die,ein,diese,Eine bunte Ansammlung kleiner Beeren an einem hellgrünen Stiel.
blueberriesseedsitem,.lang,items\lang\german\blueberriesseedsitem.lang,Blueberries Seeds,Blaubeersamen,die,ein,diese,"Große hellbraune Samen, die von einer Blaubeere stammen. Säe sie im Garten aus und beobachte, wie sie wachsen!"
blueberriesseedsrecipeitem,.lang,items\lang\german\blueberriesseedsrecipeitem.lang,Blueberries Seeds Recipe,Rezept für Blaubeersamen,das,ein,dieses,Pflanze mit diesen Samen Blaubeeren in deinem Garten an! Blaubeeren sind ein leckerer Snack.
bluejayitem,.lang,items\lang\german\bluejayitem.lang,Bluejay,Blauhäher,der,ein,dieser,Ein legendärer saphirfarbener Vogel. Er riecht köstlich!
blueladybugitem,.lang,items\lang\german\blueladybugitem.lang,Blue Ladybug,Blauer Marienkäfer,der,ein,dieser,"Ein beeindruckender blauer Käfer mit schwarzen Punkten. Viele Katzen halten ihn für einen Mythos, aber du hast einen gefunden!"
bouldergemsfurnitureitem,.lang,items\lang\german\bouldergemsfurnitureitem.lang,Boulder Gems Furniture,Felsbrocken (Edelsteine),der,ein,dieser,"Ein riesiger Felsen mit sichtbaren Kristallen, die auf der Oberfläche wachsen. Welche Edelsteine könnten im Inneren versteckt sein?"
boulderplainfurnitureitem,.lang,items\lang\german\boulderplainfurnitureitem.lang,Boulder Plain Furniture,Felsbrocken (schlicht),der,ein,dieser,"Ein riesiger Felsbrocken, der aus einer dunklen Höhle herausgeholt wurde."
bouncycurioitem,.lang,items\lang\german\bouncycurioitem.lang,Bouncy Curio,Springende Kuriosität,die,eine,diese,"Lass es fallen und beobachte, wie es vom Boden abprallt!"
bowaccessoryitem,.lang,items\lang\german\bowaccessoryitem.lang,Bow Accessory,Schleife,die,eine,diese,"Eine hübsche rosa Schleife, die man auf dem Kopf tragen kann."
bowtieaccessoryitem,.lang,items\lang\german\bowtieaccessoryitem.lang,Bowtie Accessory,Fliege,die,eine,diese,Eine formelle schwarze Fliege zum Umhängen um den Hals.
brightinsigniaitem,.lang,items\lang\german\brightinsigniaitem.lang,Bright Insignia,Leuchtende Insignien,die,ein,diese,"Ein Symbol großer Autorität. Wird verwendet, um sofort 100 % Einfluss in deiner aktuellen Region zu erlangen. Wird bei der Anwendung verbraucht."
brightinsigniarecipeitem,.lang,items\lang\german\brightinsigniarecipeitem.lang,Bright Insignia Recipe,Rezept für leuchtende Insignien,das,ein,dieses,"Schaltet ein neues Rezept. Diese Symbole der Autorität können verwendet werden, um sofort 100% Einfluss in einer Region zu erlangen. Wird bei der Anwendung verbraucht."
brightstoneitem,.lang,items\lang\german\brightstoneitem.lang,Brightstone,Lichtstein,der,ein,dieser,Ein echter Lichtstein! Viele Geologen halten diesen Edelstein für einen Mythos. Das seltenste aller Mineralien!
bronzestructurefurnitureitem,.lang,items\lang\german\bronzestructurefurnitureitem.lang,Bronze Structure Furniture,Bronze-Struktur,die,eine,diese,"Ein winziges, aber schweres Dekorationsstück aus einem einzigen chaotisch geschlungenen Bronzedraht."
browncavecricketitem,.lang,items\lang\german\browncavecricketitem.lang,Brown Cave Cricket,Braune Höhlenschrecke,die,eine,diese,"Eine kleine Kreatur mit hervorstehenden Augen und einem krummen Körper. Es mag es, sich an dunklen Orten zu verstecken."
brownhawkeritem,.lang,items\lang\german\brownhawkeritem.lang,Brown Hawker,Braune Herbst-Mosaikjungfer (Libelle),die,eine,diese,Eine schlaksige braune Libelle mit schwachen gelben Streifen.
bubblewanditem,.lang,items\lang\german\bubblewanditem.lang,Bubble Wand,Seifenblasen-Zauberstab,der,ein,dieser,"Benutze diesen spielerischen Gegenstand, um lustige Seifenblasen zu machen. Zur einmaligen Anwendung."
butterflywingsaccessoryitem,.lang,items\lang\german\butterflywingsaccessoryitem.lang,Butterfly Wings Accessory,Schmetterlingsflügel,die,ein,diese,"Irgendeine Katze hat viel Zeit damit verbracht, diese Nachbildung von Schmetterlingsflügeln herzustellen, die du stolz auf dem Rücken tragen kannst."
campfirefurnitureitem,.lang,items\lang\german\campfirefurnitureitem.lang,Campfire Furniture,Lagerfeuer,das,ein,dieses,Ein heller Haufen brennender Holzscheite. Warm und gemütlich!
captainhataccessoryitem,.lang,items\lang\german\captainhataccessoryitem.lang,Captain Hat Accessory,Kapitänsmütze,die,eine,diese,Diese furchterregende Mütze gehörte einst dem gefährlichsten Piraten der sieben Weltmeere.
cardboardcurioitem,.lang,items\lang\german\cardboardcurioitem.lang,Cardboard Curio,Pappmaché-Kuriosität,die,eine,diese,"Es rollt mit Leichtigkeit, wenn es geschoben wird!"
cardinalitem,.lang,items\lang\german\cardinalitem.lang,Cardinal,Kardinal,der,ein,dieser,"Ein legendärer scharlachroter Vogel, dessen wunderschönes Gefieder selbst im Tod lebensecht wirkt."
carpitem,.lang,items\lang\german\carpitem.lang,Carp,Karpfen,der,ein,dieser,Ein dunkler Süßwasserfisch mit einer markanten Rückenflosse.
carvedpumpkinfurnitureitem,.lang,items\lang\german\carvedpumpkinfurnitureitem.lang,Carved Pumpkin Furniture,Geschnitzter Kürbis,der,ein,dieser,"Ein ausgehöhlter Kürbis, in den das Bild eines bösen Grinsens geschnitzt ist. Im Inneren flackert eine Kerze."
catnipfairitem,.lang,items\lang\german\catnipfairitem.lang,Catnip [Fair],Katzenminze,die,eine,diese,Eine süße Pflanze mit einem unwiderstehlichen Geruch. Wird von fast allen Katzen geliebt und geschätzt.
catnipgooditem,.lang,items\lang\german\catnipgooditem.lang,Catnip [Good],Katzenminze,die,eine,diese,Eine süße Pflanze mit einem unwiderstehlichen Geruch. Wird von fast allen Katzen geliebt und geschätzt.
catnippooritem,.lang,items\lang\german\catnippooritem.lang,Catnip [Poor],Katzenminze,die,eine,diese,Eine süße Pflanze mit einem unwiderstehlichen Geruch. Wird von fast allen Katzen geliebt und geschätzt.
catnipseedsitem,.lang,items\lang\german\catnipseedsitem.lang,Catnip Seeds,Katzenminzesamen,die,ein,diese,"Eine Handvoll winziger schwarzer Samen, die von einer Katzenminzepflanze stammen. Säe sie im Garten aus und beobachte, wie sie wachsen!"
catnipseedsrecipeitem,.lang,items\lang\german\catnipseedsrecipeitem.lang,Catnip Seeds Recipe,Rezept für Katzenminzesamen,das,ein,dieses,Pflanze mit diesen Samen Katzenminze in deinem Garten an! Katzenminze ist bei fast allen Katzen sehr beliebt und sehr wertvoll.
catplushfurnitureitem,.lang,items\lang\german\catplushfurnitureitem.lang,Cat Plush Furniture,Katzenplüschtier,das,ein,dieses,"Ein kleines katzenförmiges Spielzeug aus sehr weichem Stoff, das mit Flausch gefüllt ist."
celestiallampfurnitureitem,.lang,items\lang\german\celestiallampfurnitureitem.lang,Celestial Lamp Furniture,Himmlische Laterne,die,eine,diese,"Eine hohe, fremdartige Laterne. Von der gelben Kugel nahe der Spitze geht Licht aus, aber wie es erzeugt wird, ist ein Rätsel."
ceremonialcrownaccessoryitem,.lang,items\lang\german\ceremonialcrownaccessoryitem.lang,Ceremonial Crown Accessory,Zeremonielle Krone,die,eine,diese,Welche Art von Krone würde bei einer Krönung verwendet werden? Wie ist sie hierher gekommen?
certificatefurnitureitem,.lang,items\lang\german\certificatefurnitureitem.lang,Certificate Furniture,Zertifikat,das,ein,dieses,"Ein Zertifikat für Exzellenz, das an der Wand aufgehängt werden kann. Wird nur an die erfolgreichsten Katzen verliehen."
championsauraaccessoryitem,.lang,items\lang\german\championsauraaccessoryitem.lang,Champions Aura Accessory,Champions Aura,die,ein,dies,Strahlen Sie mit dem inneren Licht eines mächtigen himmlischen Wesens!
chromaticbatitem,.lang,items\lang\german\chromaticbatitem.lang,Chromatic Bat,Farbige Fledermaus,die,eine,diese,"Ein seltsames, flatterndes Wesen, das in allen erdenklichen Farben schimmert. Unberechenbar im Kampf."
clickycurioitem,.lang,items\lang\german\clickycurioitem.lang,Clicky Curio,Klickende Kuriosität,die,eine,diese,Ein seltsames elektronisches Gerät.
collaraccessoryitem,.lang,items\lang\german\collaraccessoryitem.lang,Collar Accessory,Halsband,das,ein,dieses,"Ein niedliches rotes Halsband, das von einem Menschen für ein Haustier gekauft wurde."
colorfulgravelfurnitureitem,.lang,items\lang\german\colorfulgravelfurnitureitem.lang,Colorful Gravel Furniture,Bunter Kies,der,ein,dieser,"Eine Schicht winziger mehrfarbiger Steine, die aussehen, als gehörten sie in ein Aquarium."
concavecurioitem,.lang,items\lang\german\concavecurioitem.lang,Concave Curio,Konkave Kuriosität,die,eine,diese,Ein geheimnisvolles Gerät aus reflektierendem Metall.
conchitem,.lang,items\lang\german\conchitem.lang,Conch,Muschel,die,eine,diese,Eine sehr geschätzte perlweiße Muschel. Man kann fast den Ozean hören! Dieser Gegenstand kann deinem Sandvorrat gespendet werden.
confettibagitem,.lang,items\lang\german\confettibagitem.lang,Confetti Bag,Konfetti-Tasche,die,eine,diese,"Dieser lustige Gegenstand ermöglicht es dir, bis zum Ende des Tages Konfetti vom Himmel regnen zu lassen. Zur einmaligen Anwendung."
coprinusitem,.lang,items\lang\german\coprinusitem.lang,Coprinus,Tintling,der,ein,dieser,Ein stängeliger Pilz mit heilenden Eigenschaften. Behandelt Vergiftungen.
coralitem,.lang,items\lang\german\coralitem.lang,Coral,Koralle,die,eine,diese,"Ein feuerroter Korallenzweig, der kürzlich an der Küste angespült wurde."
corkblockfurnitureitem,.lang,items\lang\german\corkblockfurnitureitem.lang,Cork Block Furniture,Korkenblock,der,ein,dieser,Ein rechteckiger Block aus massivem Kork mit abgerundeten Kanten.
corkcurioitem,.lang,items\lang\german\corkcurioitem.lang,Cork Curio,Kork-Kuriosität,die,eine,diese,Ein winziger Zylinder aus dichtem Kork.
crabitem,.lang,items\lang\german\crabitem.lang,Crab,Krabbe,die,eine,diese,Ein rotes Krustentier mit mehreren Beinen. Vorsicht mit den Scheren!
creditsrecorditem,.lang,items\lang\german\creditsrecorditem.lang,Credits Record,Credits,der,ein,dieser,"Eine Schallplatte, die du auf dem Plattenspieler in deiner Höhle abspielen kannst. Dieser Titel ist eine nostalgische Melodie."
crinklycurioitem,.lang,items\lang\german\crinklycurioitem.lang,Crinkly Curio,Knisternde Kuriosität,die,eine,diese,Eine aufgerissene Verpackung für ein längst vergessenes Objekt.
crowitem,.lang,items\lang\german\crowitem.lang,Crow,Krähe,die,eine,diese,"Ein schlauer schwarzer Vogel. Schwer zu fangen, außer für die erfahrensten Katzen auf der Jagd."
curiocompactorrecipeitem,.lang,items\lang\german\curiocompactorrecipeitem.lang,Curio Compactor Recipe,Rezept für den Kuriositätenverdichter,das,ein,dieses,Wandle deine unerwünschten Kuriositäten mit diesem Rezept in nützliche Gegenstände um.
cutstonetilefurnitureitem,.lang,items\lang\german\cutstonetilefurnitureitem.lang,Cut Stone Tile Furniture,Geschnittene Steinfliese,die,eine,diese,"Schwere Steine, die in Quadrate und Rechtecke geschnitten und in einem Muster verlegt wurden."
daisyitem,.lang,items\lang\german\daisyitem.lang,Daisy,Gänseblümchen,das,ein,dieses,"Eine hübsche kleine Blume mit einem leuchtend gelben Zentrum. Bekannt dafür, dass sie für Katzen giftig ist. Sei vorsichtig im Umgang!"
daisyseedsitem,.lang,items\lang\german\daisyseedsitem.lang,Daisy Seeds,Gänseblümchensamen,die,ein,diese,"Kleine gelbe Samen, die von einem Gänseblümchen stammen. Säe sie im Garten aus und beobachte, wie sie wachsen!"
daisyseedsrecipeitem,.lang,items\lang\german\daisyseedsrecipeitem.lang,Daisy Seeds Recipe,Rezept für Gänseblümchensamen,das,ein,dieses,"Pflanze Gänseblümchen in deinem Garten mit diesen Samen an! Obwohl sie hübsch anzusehen sind, sind Gänseblümchen giftig für Katzen und sollten nicht konsumiert werden."
dancefloorfurnitureitem,.lang,items\lang\german\dancefloorfurnitureitem.lang,Dance Floor Furniture,Tanzfläche,die,eine,diese,"Eine schillernde Anordnung von knallbunten Lichtern, angeordnet in einem quadratischen Raster. Gibt einen elektronischen Glanz ab, während sich das Farbmuster ändert."
darkcandleitem,.lang,items\lang\german\darkcandleitem.lang,Darkcandle,Wachsmotte,die,eine,diese,Diese kränklichen Fliegen brennen mit einem blassen kalten Feuer. Man findet sie in den Minen.
darkruinsrecorditem,.lang,items\lang\german\darkruinsrecorditem.lang,Dark Ruins Record,Dunkle Ruinen,die,eine,diese,"Eine Schallplatte, die du auf dem Plattenspieler in deiner Höhle abspielen kannst. Dieser Titel ist eine nachdenkliche Melodie für die dunklen Orte der Welt."
diamonditem,.lang,items\lang\german\diamonditem.lang,Diamond,Diamant,der,ein,dieser,"Ein faszinierender blasser Edelstein, der sehr geschätzt wird! Dieser Gegenstand kann deinem Schatzlager gespendet werden."
doveitem,.lang,items\lang\german\doveitem.lang,Dove,Taube,die,eine,diese,Die Taube symbolisiert traditionell Frieden. Diese war jedoch erfolglos.
dragonwingsaccessoryitem,.lang,items\lang\german\dragonwingsaccessoryitem.lang,Dragon Wings Accessory,Drachenflügel,die,ein,diese,"Wahrlich, dein Rücken wird mit diesem furchtbaren Gewand gallant aussehen!"
driedrootsitem,.lang,items\lang\german\driedrootsitem.lang,Dried Roots,Getrocknete Wurzeln,die,ein,diese,"Mehrere robuste Wurzeln, getrocknet, bis sie hart sind. Dieser Gegenstand kann deinem Holzvorrat gespendet werden."
driedrootsrecipeitem,.lang,items\lang\german\driedrootsrecipeitem.lang,Dried Roots Recipe,Rezept für getrocknete Wurzeln,das,ein,dieses,"Mehrere robuste Wurzeln, getrocknet, bis sie hart sind. Dieser Gegenstand kann deinem Holzvorrat gespendet werden."
dryingplantsbundleitem,.lang,items\lang\german\dryingplantsbundleitem.lang,Drying Plants Bundle,Bündel getrockneter Pflanzen,das,ein,dieses,"Pflanzen, die zum Trocknen aufgehängt werden, um die Wände deiner Höhle zu dekorieren."
dynamiteitem,.lang,items\lang\german\dynamiteitem.lang,Dynamite,Dynamit,das,ein,dieses,"Benutze diesen Gegenstand, um sofort alle nahegelegenen Minenfelsen zu zerstören! BUMM!"
dynamiterecipeitem,.lang,items\lang\german\dynamiterecipeitem.lang,Dynamite Recipe,Rezept für Dynamit,das,ein,dieses,"Schaltet ein neues Rezept für Dynamit am Amboss der Maulwurfsschmiede frei. Dynamit kann verwendet werden, um alle nahegelegenen Minenfelsen sofort zu zerstören. BUMM!"
elixirofhealingitem,.lang,items\lang\german\elixirofhealingitem.lang,Elixir of Healing,Elixier der Heilung,das,ein,dieses,Ein kraftvoller Heiltrank aus starken Kräutern hergestellt. Heilt eine enorme Menge an Gesundheit und behandelt Vergiftungen bei Anwendung.
elixirofhealingrecipeitem,.lang,items\lang\german\elixirofhealingrecipeitem.lang,Elixir of Healing Recipe,Rezept für Elixier der Heilung,das,ein,dieses,"Kombiniere starke Kräuter zu einem kraftvollen Tonikum, das in der Lage ist, eine massive Menge an Schaden und Vergiftungen zu heilen."
emeralditem,.lang,items\lang\german\emeralditem.lang,Emerald,Smaragd,der,ein,dieser,Ein wundersamer grüner Edelstein.
emptyitem,.lang,items\lang\german\emptyitem.lang,Empty,Leer,,,,Keine Beschreibung.
erminemothitem,.lang,items\lang\german\erminemothitem.lang,Ermine Moth,Hermelinspinner (Motte),der,ein,dieser,"Ein wolliges, geflügeltes Wunder mit winzigen dunklen Punkten."
eyepatchaccessoryitem,.lang,items\lang\german\eyepatchaccessoryitem.lang,Eyepatch Accessory,Augenklappe,die,eine,diese,"Eine dunkle Lederklappe, die über ein Auge gelegt wird. Arrr!"
facescaraccessoryitem,.lang,items\lang\german\facescaraccessoryitem.lang,Face Scar Accessory,Gesichtsnarbe,die,eine,diese,"Eine alte Narbe, die nie ganz verheilt ist."
fancyrugfurnitureitem,.lang,items\lang\german\fancyrugfurnitureitem.lang,Fancy Rug Furniture,Schicker Teppich,der schicke Teppich,ein schicker Teppich,dieser schicke Teppich,"Ein großer rechteckiger Teppich, gewebt mit roten und orangefarbenen Fäden."
farsightedorbitem,.lang,items\lang\german\farsightedorbitem.lang,Farsighted Orb,Weitblickkugel,die,eine,diese,"Dieses undurchschaubare Gerät kann für kurze Zeit den Weg zur nächstgelegenen abwärtsführenden Minentreppe weisen, selbst wenn diese verborgen ist. Wird bei der Anwendung verbraucht."
farsightedorbrecipeitem,.lang,items\lang\german\farsightedorbrecipeitem.lang,Farsighted Orb Recipe,Rezept für die Weitblickkugel,das,ein,dieses,"Schaltet ein neues Rezept. Diese Kugeln zeigen für kurze Zeit auf die nächstgelegene Treppe in der Mine, die abwärts führt. Wird bei der Anwendung verbraucht."
festivecurioitem,.lang,items\lang\german\festivecurioitem.lang,Festive Curio,Festliche Kuriosität,die,eine,diese,Was könnte ihre Funktion sein?
finchitem,.lang,items\lang\german\finchitem.lang,Finch,Fink,der,ein,dieser,Ein wohlschmeckender Singvogel.
flexiblecurioitem,.lang,items\lang\german\flexiblecurioitem.lang,Flexible Curio,Flexible Kuriosität,die,eine,diese,"Ein seltsamer Stoff, der zu einem elastischen Ring gedreht wurde."
flowervasefurnitureitem,.lang,items\lang\german\flowervasefurnitureitem.lang,Flower Vase Furniture,Blumenvase,die,eine,diese,Eine dekorative Tonvase mit einer bunten Sammlung von Frühlingsblumen.
foldedblanketfurnitureitem,.lang,items\lang\german\foldedblanketfurnitureitem.lang,Folded Blanket Furniture,Zusammengefaltete Decke,die,eine,diese,"Eine dicke Decke mit einem blauen Karomuster auf der Oberseite und warmen wolligen Fasern auf der anderen Seite, ordentlich gefaltet."
formalcurioitem,.lang,items\lang\german\formalcurioitem.lang,Formal Curio,Feierliche Kuriosität,die,eine,diese,"Es scheint, als wäre sie einmal für jemanden wichtig gewesen."
foxglovefairitem,.lang,items\lang\german\foxglovefairitem.lang,Foxglove [Fair],Fingerhut,der,ein,dieser,"Eine tödliche Blume. Trage sie auf deine Krallen auf, um den Schaden aller Angriffe vorübergehend zu erhöhen."
foxglovegooditem,.lang,items\lang\german\foxglovegooditem.lang,Foxglove [Good],Fingerhut,der,ein,dieser,"Eine tödliche Blume. Trage sie auf deine Krallen auf, um den Schaden aller Angriffe vorübergehend zu erhöhen."
foxglovepooritem,.lang,items\lang\german\foxglovepooritem.lang,Foxglove [Poor],Fingerhut,der,ein,dieser,"Eine gefährliche Blume. Trage sie auf deine Krallen auf, um den Schaden aller Angriffe vorübergehend zu erhöhen."
foxgloveseedsitem,.lang,items\lang\german\foxgloveseedsitem.lang,Foxglove Seeds,Fingerhutsamen,die,ein,diese,"Eine Handvoll winziger brauner Samen, die von einer Fingerhutpflanze stammen. Säe sie im Garten aus und beobachte, wie sie wachsen!"
foxgloveseedsrecipeitem,.lang,items\lang\german\foxgloveseedsrecipeitem.lang,Foxglove Seeds Recipe,Rezept für Fingerhutsamen,das,ein,dieses,Pflanze Fingerhut in deinem Garten mit diesen Samen an! Diese belebende Pflanze wird deine Stärke für kurze Zeit erhöhen.
frogitem,.lang,items\lang\german\frogitem.lang,Frog,Frosch,der,ein,dieser,Die Zeiten des Hüpfens sind vorbei.
fuzzycurioitem,.lang,items\lang\german\fuzzycurioitem.lang,Fuzzy Curio,Flauschige Kuriosität,die,eine,diese,Eine winzige Daunenfeder. Das kitzelt!
gardenupgradeiiitem,.lang,items\lang\german\gardenupgradeiiitem.lang,Garden Upgrade II,Garten-Upgrade II,das,ein,dieses,Fügt deinem Garten 3 zusätzliche Anbauflächen hinzu. Baue mit dieser Gartenerweiterung mehr Pflanzen gleichzeitig an!
gardenupgradeiitem,.lang,items\lang\german\gardenupgradeiitem.lang,Garden Upgrade I,Garten-Upgrade I,das,ein,dieses,Fügt deinem Garten 3 zusätzliche Anbauflächen hinzu. Baue mit dieser Gartenerweiterung mehr Pflanzen gleichzeitig an!
ghostbeetleitem,.lang,items\lang\german\ghostbeetleitem.lang,Ghost Beetle,Geisterkäfer,der,ein,dieser,"Es ist schwierig, diese scheuen Tiere im Schnee zu entdecken!"
ghostitem,.lang,items\lang\german\ghostitem.lang,Ghost,Geist,der,ein,dieser,"Ein verlorener Geist, der in dieser Welt bleibt und die Lebenden heimsucht."
giftboxitem,.lang,items\lang\german\giftboxitem.lang,Gift Box,Geschenkschachtel,die,eine,diese,"Fast jede Katze würde sich über ein Geschenk freuen, das so wunderschön verpackt ist."
gloomsharditem,.lang,items\lang\german\gloomsharditem.lang,Gloomshard,Düsternis-Splitter,der,ein,dieser,"Ein winziges Fragment eines Edelsteins, das nur in den dunkelsten Höhlen gefunden wird."
gloweritem,.lang,items\lang\german\gloweritem.lang,Glower,Grummler,der,ein,dieser,Eine lebende Kreatur mit basaltartiger Haut. Die unheimlichen Augen durchdringen die Dunkelheit der Minen. Berüchtigt für schlechte Laune.
glowingmushroomsfurnitureitem,.lang,items\lang\german\glowingmushroomsfurnitureitem.lang,Glowing Mushrooms Furniture,Leuchtende Pilze,die,ein,diese,"Diese Ansammlung seltsamer Pilze, die tief unter der Erde geerntet wurde, wirft ein blasses grünes Licht auf ihre Umgebung."
glowpotionitem,.lang,items\lang\german\glowpotionitem.lang,Glow Potion,Leuchttrank,der,ein,dieser,Dieser gruselige Gegenstand lässt dein Fell für eine Minute in einer hell leuchtenden Farbe erstrahlen. Zur einmaligen Anwendung.
goldcavecricketitem,.lang,items\lang\german\goldcavecricketitem.lang,Gold Cave Cricket,Goldene Höhlenschrecke,die,eine,diese,"Ihr gekrümmter Torso leuchtet in einem unnatürlichen Licht, selbst in den düstersten Höhlen. Sie mögen warme, dunkle Orte."
goldcrownaccessoryitem,.lang,items\lang\german\goldcrownaccessoryitem.lang,Gold Crown Accessory,Goldene Krone,die,eine,diese,"Sieh königlich aus, während du unterwegs bist!"
goldensealfairitem,.lang,items\lang\german\goldensealfairitem.lang,Goldenseal [Fair],Gelbwurzel,die,eine,diese,Eine grünblättrige Pflanze mit einer kleinen roten Beere. Kann zur sofortigen Linderung auf eine Wunde aufgetragen werden.
goldensealgooditem,.lang,items\lang\german\goldensealgooditem.lang,Goldenseal [Good],Gelbwurzel,die,eine,diese,Eine grünblättrige Pflanze mit einer kleinen roten Beere. Kann zur sofortigen Linderung auf eine Wunde aufgetragen werden.
goldensealpooritem,.lang,items\lang\german\goldensealpooritem.lang,Goldenseal [Poor],Gelbwurzel,die,eine,diese,Eine grünblättrige Pflanze mit einer kleinen roten Beere. Kann zur sofortigen Linderung auf eine Wunde aufgetragen werden.
goldensealseedsitem,.lang,items\lang\german\goldensealseedsitem.lang,Goldenseal Seeds,Gelbwurzelsamen,die,ein,diese,"Winzige schwarze Samen, die von einer Gelbwurzelpflanze stammen. Säe sie in den Garten und beobachte, wie sie wachsen!"
goldensealseedsrecipeitem,.lang,items\lang\german\goldensealseedsrecipeitem.lang,Goldenseal Seeds Recipe,Rezept für Gelbwurzelsamen,das,ein,dieses,Pflanze Gelbwurzel in deinem Garten mit diesen Samen an! Gelbwurzel ist bekannt für seine heilenden Eigenschaften.
goldfishbowlfurnitureitem,.lang,items\lang\german\goldfishbowlfurnitureitem.lang,Goldfish Bowl Furniture,Goldfischglas,das,ein,dieses,Ein lebhafter Goldfisch wohnt in diesem runden Glas. Er sieht ziemlich appetitlich aus.
goldoreitem,.lang,items\lang\german\goldoreitem.lang,Gold Ore,Golderz,das,ein,dieses,"Ein Fluss mit wertvollem Golderz, das in Stein eingeschlossen ist."
granitecrabitem,.lang,items\lang\german\granitecrabitem.lang,Granite Crab,Granitkrabbe,die,eine,diese,Eine höhlenbewohnende Krabbe mit einer granitähnlichen Haut. Diese Tiere nisten sich gerne unter Felsbrocken ein.
graniteitem,.lang,items\lang\german\graniteitem.lang,Granite,Granit,der,ein,dieser,Ein Stück unpolierter Granitstein.
greedypawaccessoryitem,.lang,items\lang\german\greedypawaccessoryitem.lang,Greedy Paw Accessory,Gierige Pfote,die,eine,diese,"Wenn du dieses magische Amulett trägst, werden Gegenstände in der Nähe automatisch magnetisch in dein Inventar gezogen."
greenfireflyitem,.lang,items\lang\german\greenfireflyitem.lang,Green Firefly,Grünes Glühwürmchen,das,ein,dieses,"Ein glühender Sommerkäfer, der hellgrün leuchtet."
greenscarfaccessoryitem,.lang,items\lang\german\greenscarfaccessoryitem.lang,Green Scarf Accessory,Grüner Schal,der,ein,dieser,Jetzt kannst du gleichzeitig gemütlich und stilvoll sein!
greybeakyaccessoryitem,.lang,items\lang\german\greybeakyaccessoryitem.lang,Grey Beaky Accessory,Graue Schnabelmaske,die,eine,diese,"Eine seltsame Maske aus verwittertem Material mit einer schlanken, schnabelartigen Nase. Einige glauben, dass sie den Träger vor üblen Krankheiten schützen kann."
groovylampfurnitureitem,.lang,items\lang\german\groovylampfurnitureitem.lang,Groovy Lamp Furniture,Groovige Lampe,die,eine,diese,Eine faszinierend leuchtende Flüssigkeit bewegt sich unter der Hitze der eingelassenen Glühbirne in dieser Lampe. Abgefahren!
haloaccessoryitem,.lang,items\lang\german\haloaccessoryitem.lang,Halo Accessory,Halo,der,ein,dieser,Ein engelhaftes Aussehen für deine Katze.
hardcurioitem,.lang,items\lang\german\hardcurioitem.lang,Hard Curio,Harte Kuriosität,die,eine,diese,"Ein scheibenförmiges Objekt aus Kunststoff mit einer seltsamen, spiralförmigen Rille auf der Innenseite."
hareitem,.lang,items\lang\german\hareitem.lang,Hare,Hase,der,ein,dieser,"Eine große, kaninchenähnliche Kreatur mit langen Ohren und dunklen Ohrspitzen."
headlampaccessoryitem,.lang,items\lang\german\headlampaccessoryitem.lang,Headlamp Accessory,Stirnlampe,die,eine,diese,"Eine leistungsstarke Taschenlampe, gebaut von Maulwürfen für ihre langen Grabungen durch die dunklen Orte der Welt. Wenn du sie trägst, wird sie deine Umgebung erhellen."
headlampupgradeiiiitem,.lang,items\lang\german\headlampupgradeiiiitem.lang,Headlamp Upgrade III,Stirnlampe-Upgrade III,das,ein,dieses,Verstärkt erheblich die Leistung deines Accessoires ''Stirnlampe'' und vergrößert den Ausleuchtungsbereich. Erfordert ''Stirnlampe-Upgrade II''.
headlampupgradeiiitem,.lang,items\lang\german\headlampupgradeiiitem.lang,Headlamp Upgrade II,Stirnlampe-Upgrade II,das,ein,dieses,Verstärkt mäßig die Leistung deines Accessoires ''Stirnlampe'' und vergrößert den Ausleuchtungsbereich. Erfordert ''Stirnlampe-Upgrade I''.
headlampupgradeiitem,.lang,items\lang\german\headlampupgradeiitem.lang,Headlamp Upgrade I,Stirnlampe-Upgrade I,das,ein,dieses,Verstärkt leicht die Leistung deines Accessoires ''Stirnlampe'' und vergrößert den Ausleuchtungsbereich. Erfordert ''Stirnlampe''.
headlampupgraderecipeitem,.lang,items\lang\german\headlampupgraderecipeitem.lang,Headlamp Upgrade Recipe,Stirnlampe-Upgrade,das,ein,dieses,Verstärkt die Leistung deines Accessoires ''Stirnlampe'' und vergrößert den Ausleuchtungsbereich.
heavycurioitem,.lang,items\lang\german\heavycurioitem.lang,Heavy Curio,Schwere Kuriosität,die,eine,diese,"Ein schwerer Metallring, der an noch schwereren Metallgegenständen befestigt ist."
herbalistworkbenchfurnitureitem,.lang,items\lang\german\herbalistworkbenchfurnitureitem.lang,Herbalist Workbench Furniture,Kräuter-Werkbank,die,eine,diese,"Handwerksstation. Eine steinerne Werkbank mit allen Werkzeugen, die notwendig sind, um Kräuter zu verarbeiten und stärkere Mixturen aus ihnen herzustellen. Zur Erschaffung mächtiger Tränke."
hermitbeetleitem,.lang,items\lang\german\hermitbeetleitem.lang,Hermit Beetle,Eremit,der,ein,dieser,Ein großer Käfer mit einer blassblauen Schale.
honeycombitem,.lang,items\lang\german\honeycombitem.lang,Honeycomb,Honigwabe,die,eine,diese,"Ein süßer Leckerbissen, der aus einem Bienenstock voller wütender Bienen genommen wurde. Der Honig im Inneren gewährt für kurze Zeit Immunität gegen alle negativen Statuseffekte."
hornsaccessoryitem,.lang,items\lang\german\hornsaccessoryitem.lang,Horns Accessory,Hörner,die,ein,diese,Vorsicht vor den spitzen Enden!
inkycurioitem,.lang,items\lang\german\inkycurioitem.lang,Inky Curio,Tinten-Kuriosität,die,eine,diese,"Ein dunkler Kunststoffstab, der ein zufriedenstellendes Klickgeräusch erzeugt."
inventoryupgradeiiiitem,.lang,items\lang\german\inventoryupgradeiiiitem.lang,Inventory Upgrade III,Großzügige Taschen,die,ein,diese,Gegenstände werden jetzt in jedem Inventarplatz bis zu einem Maximum von 9 gestapelt.
inventoryupgradeiiitem,.lang,items\lang\german\inventoryupgradeiiitem.lang,Inventory Upgrade II,Geräumige Taschen,die,ein,diese,Gegenstände werden jetzt in jedem Inventarplatz bis zu einem Maximum von 7 gestapelt.
inventoryupgradeiitem,.lang,items\lang\german\inventoryupgradeiitem.lang,Inventory Upgrade I,Bescheidene Taschen,die,ein,diese,Gegenstände werden jetzt in jedem Inventarplatz bis zu einem Maximum von 5 gestapelt.
ironoreitem,.lang,items\lang\german\ironoreitem.lang,Iron Ore,Eisenerz,das,ein,dieses,Ein Steinbrocken mit einer sichtbaren Ader aus Eisenerz.
jarofleechesfurnitureitem,.lang,items\lang\german\jarofleechesfurnitureitem.lang,Jar Of Leeches Furniture,Glas mit Blutegeln,das,ein,dieses,Ein Glasgefäß gefüllt mit sich windenden Blutegeln. Wer würde so etwas in seinem Zuhause aufbewahren?
jinglycurioitem,.lang,items\lang\german\jinglycurioitem.lang,Jingly Curio,Schillernde Kuriosität,die,eine,diese,"Winzige Metallmünzen, die für Katzen wertlos sind, außer als Kuriosität."
knittedsweateraccessoryitem,.lang,items\lang\german\knittedsweateraccessoryitem.lang,Knitted Sweater Accessory,Gestrickter Pullover,der,ein,dieser,Ein bequemer roter Pullover.
lavenderfairitem,.lang,items\lang\german\lavenderfairitem.lang,Lavender [Fair],Lavendel,der,ein,dieser,"Ein duftender Strauß lila Blumen. Wird verwendet, um ein wenig Einfluss in einer Region zu gewinnen."
lavendergooditem,.lang,items\lang\german\lavendergooditem.lang,Lavender [Good],Lavendel,der,ein,dieser,"Ein aromatischer Strauß lila Blumen. Wird verwendet, um ein wenig Einfluss in einer Region zu gewinnen."
lavenderpooritem,.lang,items\lang\german\lavenderpooritem.lang,Lavender [Poor],Lavendel,der,ein,dieser,"Ein schöner Strauß lila Blumen. Wird verwendet, um ein wenig Einfluss in einer Region zu gewinnen."
lavenderseedsitem,.lang,items\lang\german\lavenderseedsitem.lang,Lavender Seeds,Lavendelsamen,die,ein,diese,"Kleine lila Samen, die von einer Lavendelpflanze stammen. Säe sie im Garten aus und beobachte, wie sie wachsen!"
lavenderseedsrecipeitem,.lang,items\lang\german\lavenderseedsrecipeitem.lang,Lavender Seeds Recipe,Rezept für Lavendelsamen,das,ein,dieses,"Pflanze Lavendel in deinem Garten mit diesen Samen an! Lavendel kann verwendet werden, um schnell Macht in einer Region zu gewinnen."
licoricefairitem,.lang,items\lang\german\licoricefairitem.lang,Licorice [Fair],Lakritz,das,ein,dieses,Die Wurzeln dieser Pflanze können als schneller Snack gekaut werden.
licoricegooditem,.lang,items\lang\german\licoricegooditem.lang,Licorice [Good],Lakritz,das,ein,dieses,"Die Wurzeln dieser Pflanze können gekaut werden, um Hunger zu lindern."
licoricepooritem,.lang,items\lang\german\licoricepooritem.lang,Licorice [Poor],Lakritz,das,ein,dieses,"Die Wurzeln dieser Pflanze können gekaut werden, um sich leicht zu erfrischen."
licoriceseedsitem,.lang,items\lang\german\licoriceseedsitem.lang,Licorice Seeds,Lakritzsamen,die,ein,diese,"Kleine gelb gestreifte Samen, die von einer Lakritzpflanze stammen. Säe sie im Garten aus und beobachte, wie sie wachsen!"
licoriceseedsrecipeitem,.lang,items\lang\german\licoriceseedsrecipeitem.lang,Licorice Seeds Recipe,Rezept für Lakritzsamen,das,ein,dieses,Pflanze Lakritz in deinem Garten mit diesen Samen an! Lakritzwurzeln können als schneller Snack gegessen werden.
litterboxfurnitureitem,.lang,items\lang\german\litterboxfurnitureitem.lang,Litter Box Furniture,Katzenklo,das,ein,dieses,"Kein sehr glamouröses Dekorationsstück, aber dennoch praktisch."
lizarditem,.lang,items\lang\german\lizarditem.lang,Lizard,Eidechse,die,eine,diese,"Eine schlanke, schleimige Kreatur. Sie sieht nicht sehr appetitlich aus."
longcurioitem,.lang,items\lang\german\longcurioitem.lang,Long Curio,Lange Kuriosität,die,eine,diese,"Ein leichtes Stöckchen mit einem winzigen Stückchen Baumwolle, das an beiden Enden angeklebt ist."
lunarbutterflyitem,.lang,items\lang\german\lunarbutterflyitem.lang,Lunar Butterfly,Mondschmetterling,der,ein,dieser,Dieses sagenumwobene Insekt hat durchsichtige Haut und strahlt ein seltsam blasses Licht aus.
lurkeritem,.lang,items\lang\german\lurkeritem.lang,Lurker,Lauerer,der,ein,dieser,"Ein hinterhältiger Geist, der die Angewohnheit hat, sich unsichtbar zu machen, wenn man es am wenigsten erwartet. Pass auf dich auf!"
mackerelitem,.lang,items\lang\german\mackerelitem.lang,Mackerel,Makrele,die,eine,diese,Ein silberbeschuppter Salzwasserfisch. Sein reflektierender Körper glänzt hell im Sonnenlicht.
magichataccessoryitem,.lang,items\lang\german\magichataccessoryitem.lang,Magic Hat Accessory,Zauberhut,der,ein,dieser,"Einige sagen, dass dieser Hut einst von einem mächtigen Magier getragen wurde."
magnetupgradeiiiitem,.lang,items\lang\german\magnetupgradeiiiitem.lang,Magnet Upgrade III,Gierige-Pfote-Upgrade III,das,ein,dieses,"Verstärkt erheblich das Accessoire ''Gierige Pfote'', wodurch die Reichweite der magnetischen Fähigkeit zum Aufnehmen von Gegenständen erhöht wird. Erfordert das Accessoire ''Gierige Pfote''."
magnetupgradeiiitem,.lang,items\lang\german\magnetupgradeiiitem.lang,Magnet Upgrade II,Gierige-Pfote-Upgrade II,das,ein,dieses,"Verstärkt mäßig das Accessoire ''Gierige Pfote'', wodurch die Reichweite der  magnetischen Fähigkeit zum Aufnehmen von Gegenständen erhöht wird. Erfordert das Accessoire ''Gierige Pfote''."
magnetupgradeiitem,.lang,items\lang\german\magnetupgradeiitem.lang,Magnet Upgrade I,Gierige-Pfote-Upgrade I,das,ein,dieses,"Verstärkt leicht das Accessoire ''Gierige Pfote'', wodurch die Reichweite der  magnetischen Fähigkeit zum Aufnehmen von Gegenständen erhöht wird. Erfordert das Accessoire ''Gierige Pfote''."
magnetupgraderecipeitem,.lang,items\lang\german\magnetupgraderecipeitem.lang,Magnet Upgrade Recipe,Gierige-Pfote-Upgrade,das,ein,dieses,"Verstärkt das Accessoire ''Gierige Pfote'', wodurch die Reichweite der magnetischen Fähigkeit zum Aufnehmen von Gegenständen erhöht wird."
magpieitem,.lang,items\lang\german\magpieitem.lang,Magpie,Elster,die,eine,diese,Ein kluger kleiner Vogel mit schwarzen und weißen Flecken.
malachiteitem,.lang,items\lang\german\malachiteitem.lang,Malachite,Malachit,der,ein,dieser,Ein kupfergrüner Edelstein mit einem wunderschön gebänderten Muster.
marbletilefurnitureitem,.lang,items\lang\german\marbletilefurnitureitem.lang,Marble Tile Furniture,Marmorfliese,die,eine,diese,Geschnittener und in einem Fischgrätenmuster verlegter Marmor für ein elegantes Aussehen.
marigoldfairitem,.lang,items\lang\german\marigoldfairitem.lang,Marigold [Fair],Ringelblume,die,eine,diese,Eine leuchtend orangefarbene Blume auf einem grünen Stiel. Heilt Vergiftungen und stellt eine kleine Menge an Gesundheit wieder her.
marigoldgooditem,.lang,items\lang\german\marigoldgooditem.lang,Marigold [Good],Ringelblume,die,eine,diese,Eine leuchtend orangefarbene Blume auf einem robusten Stiel. Heilt Vergiftungen und stellt eine kleine Menge an Gesundheit wieder her.
marigoldpooritem,.lang,items\lang\german\marigoldpooritem.lang,Marigold [Poor],Ringelblume,die,eine,diese,Eine leuchtend orangefarbene Blume auf einem verwelkten Stängel. Heilt sofort Vergiftungen.
marigoldseedsitem,.lang,items\lang\german\marigoldseedsitem.lang,Marigold Seeds,Ringelblumensamen,die,ein Haufen Ringelblumensamen,diese,"Lange, dünne Samen, die von einer Ringelblumenpflanze stammen. Säe sie im Garten aus und beobachte, wie sie wachsen!"
marigoldseedsrecipeitem,.lang,items\lang\german\marigoldseedsrecipeitem.lang,Marigold Seeds Recipe,Rezept für Ringelblumensamen,das,ein,dieses,Pflanze Ringelblumen in deinem Garten mit diesen Samen an! Ringelblumenpflanzen sind für ihre heilenden Eigenschaften bekannt.
markedcurioitem,.lang,items\lang\german\markedcurioitem.lang,Marked Curio,Markierte Kuriosität,die,eine,diese,Ein Fetzen eines unbekannten Dokuments.
masonrykititem,.lang,items\lang\german\masonrykititem.lang,Masonry Kit,Maurerwerkzeug-Bausatz,der,ein,dieser,"Ein Bündel von Werkzeugen und Materialien für die Steinbearbeitung. Kann verwendet werden, um eine kaputte Treppe in den Minen zu reparieren."
masonrykitrecipeitem,.lang,items\lang\german\masonrykitrecipeitem.lang,Masonry Kit Recipe,Rezept für Maurerwerkzeug-Bausatz,das,ein,dieses,"Erstelle einen praktischen Maurerwerkzeug-Bausatz. Nützlich, wenn du beim Bergbau auf eine baufällige Treppe stößt!"
metalcurioitem,.lang,items\lang\german\metalcurioitem.lang,Metal Curio,Metallische Kuriosität,die,eine,diese,"Ein langes, gewundenes Stück dünnen Aluminiums."
minnowitem,.lang,items\lang\german\minnowitem.lang,Minnow,Elritze,die,eine,diese,Ein sehr kleiner Schwarmfisch aus einem Süßwasserfluss oder-teich.
molefurnacefurnitureitem,.lang,items\lang\german\molefurnacefurnitureitem.lang,Mole Furnace Furniture,Maulwurfsofen,der,ein,dieser,"Ein Steinziegelofen mit einem Maulwurfswappen, perfekt zum Erhitzen von Metall."
morelitem,.lang,items\lang\german\morelitem.lang,Morel,Morchel,die,eine,diese,Ein schrumpeliger Pilz mit großer Heilkraft.
mouseitem,.lang,items\lang\german\mouseitem.lang,Mouse,Maus,die,eine,diese,Eine leckere Maus. Achte auf die Schnurrhaare!
mugfurnitureitem,.lang,items\lang\german\mugfurnitureitem.lang,Mug Furniture,Becher,der,ein,dieser,"Ein Keramikbecher, der für menschliche Hände gemacht ist. Wäre es nicht lustig, ihn vom Tisch zu stoßen?"
murkitem,.lang,items\lang\german\murkitem.lang,Murk,Düsternis,die,eine,diese,"Eine dunkle Kreatur, die die Form eines riesigen, schattenhaften Maulwurfs annimmt und in den Minen gefunden wurde. Murk mag keine Eindringlinge."
mushroombundleitem,.lang,items\lang\german\mushroombundleitem.lang,Mushroom Bundle,Pilzbündel,das,ein,dieses,Stilvolle Pilzdekoration!
mushroomsaladitem,.lang,items\lang\german\mushroomsaladitem.lang,Mushroom Salad,Pilzsalat,der,ein,dieser,Verschiedene Arten von Pilzen werden zusammen mit Blattsalat zubereitet. Eine sehr sättigende Mahlzeit!
mushroomsaladrecipeitem,.lang,items\lang\german\mushroomsaladrecipeitem.lang,Mushroom Salad Recipe,Rezept für Pilzsalat,das,ein,dieses,Verschiedene Arten von Pilzen werden zusammen mit Blattsalat zubereitet. Eine sehr sättigende Mahlzeit!
mysteryseedsitem,.lang,items\lang\german\mysteryseedsitem.lang,Mystery Seeds,Geheimnisvolle Samen,die,ein,diese,"Eine Auswahl verschiedener Samen, die du nicht identifizieren kannst. Säe sie im Garten aus und schau, was wächst!"
mysteryseedsrecipeitem,.lang,items\lang\german\mysteryseedsrecipeitem.lang,Mystery Seeds Recipe,Rezept für geheimnisvolle Samen,das,ein,dieses,"Wer weiß, welche Pflanzen aus diesen vielseitigen Samen sprießen werden?"
naturalstonetilefurnitureitem,.lang,items\lang\german\naturalstonetilefurnitureitem.lang,Natural Stone Tile Furniture,Natursteinfliese,die,eine,diese,"Große Natursteine aus einem Fluss, die fachmännisch in ein organisches Muster verlegt wurden."
northernemeralditem,.lang,items\lang\german\northernemeralditem.lang,Northern Emerald,Nördlicher Smaragd,der,ein,dieser,"Ein brillantes Geschöpf, welches das Licht in atemberaubenden schillernden Mustern reflektiert!"
paintedbutterflyitem,.lang,items\lang\german\paintedbutterflyitem.lang,Painted Butterfly,Bemalter Schmetterling,der,ein,dieser,Ein geflügeltes Insekt mit einer leuchtend roten Farbe.
peppermintfairitem,.lang,items\lang\german\peppermintfairitem.lang,Peppermint [Fair],Pfefferminze,die,eine,diese,"Dieses scharf riechende Blatt kann den Geruch einer Katze überdecken, damit das Aufspüren von Beutetieren für eine Weile einfacher wird."
peppermintgooditem,.lang,items\lang\german\peppermintgooditem.lang,Peppermint [Good],Pfefferminze,die,eine,diese,"Dieses süßlich riechende Blatt kann den Geruch einer Katze überdecken, damit das Aufspüren von Beutetieren für eine Weile einfacher wird."
peppermintpooritem,.lang,items\lang\german\peppermintpooritem.lang,Peppermint [Poor],Pfefferminze,die,eine,diese,"Dieses seltsam riechende Blatt kann den Geruch einer Katze überdecken, damit das Aufspüren von Beutetieren für eine Weile einfacher wird."
peppermintseedsitem,.lang,items\lang\german\peppermintseedsitem.lang,Peppermint Seeds,Pfefferminzsamen,die,ein,diese,"Kleine schwarze Samen, die von einer Pfefferminzpflanze stammen. Säe sie im Garten aus und beobachte, wie sie wachsen!"
peppermintseedsrecipeitem,.lang,items\lang\german\peppermintseedsrecipeitem.lang,Peppermint Seeds Recipe,Rezept für Pfefferminzsamen,das,ein,dieses,Pflanze in deinem Garten Pfefferminze mit diesen Samen an! Der starke Duft von Pfefferminze kann den natürlichen Geruch einer Katze überdecken.
petbataccessoryitem,.lang,items\lang\german\petbataccessoryitem.lang,Pet Bat Accessory,Haustier-Fledermaus,die,eine,diese,"Eine unheimliche Fledermaus, die dir überallhin folgen wird!"
petbeeaccessoryitem,.lang,items\lang\german\petbeeaccessoryitem.lang,Pet Bee Accessory,Haustier-Biene,die,eine,diese,"Eine gutmütige Biene, die dir überallhin folgt!"
petbeetleaccessoryitem,.lang,items\lang\german\petbeetleaccessoryitem.lang,Pet Beetle Accessory,Haustier-Käfer,der,ein,dieser,"Ein fröhlicher blauer Käfer, der dir überallhin folgen wird!"
petbutterflyaccessoryitem,.lang,items\lang\german\petbutterflyaccessoryitem.lang,Pet Butterfly Accessory,Haustier-Schmetterling,der,ein,dieser,"Ein bunter Schmetterling, der dir überallhin folgen wird!"
petcrabaccessoryitem,.lang,items\lang\german\petcrabaccessoryitem.lang,Pet Crab Accessory,Haustier-Krabbe,die,eine,diese,"Eine mürrische kleine Krabbe, die dir überallhin folgen wird!"
petdragonflyaccessoryitem,.lang,items\lang\german\petdragonflyaccessoryitem.lang,Pet Dragonfly Accessory,Haustier-Libelle,die,eine,diese,"Eine schlanke marineblaue Libelle, die dir überallhin folgen wird!"
petfireflyaccessoryitem,.lang,items\lang\german\petfireflyaccessoryitem.lang,Pet Firefly Accessory,Haustier-Glühwürmchen,das,ein,dieses,"Ein leuchtendes gelbes Glühwürmchen, das dir überallhin folgen wird!"
petghostaccessoryitem,.lang,items\lang\german\petghostaccessoryitem.lang,Pet Ghost Accessory,Haustier-Geist,der,ein,dieser,"Ein unheimlicher Geist, der dich auf Schritt und Tritt verfolgen wird!"
petladybugaccessoryitem,.lang,items\lang\german\petladybugaccessoryitem.lang,Pet Ladybug Accessory,Haustier-Marienkäfer,der,ein,dieser,"Ein süßer roter Marienkäfer, der dir überallhin folgen wird!"
petmolbertaccessory,.lang,items\lang\german\petmolbertaccessory.lang,Pet Molbert Accessory,Haustier Molbert,das,ein,dieses,Ein mürrischer kleiner Maulwurf mit einer ausgezeichneten Nase. Rieche ich da Diamanten ...?
petmothaccessoryitem,.lang,items\lang\german\petmothaccessoryitem.lang,Pet Moth Accessory,Haustier-Motte,die,eine,diese,"Ein flatternder brauner Nachtfalter, der dir überallhin folgen wird!"
petrainbowfireflyaccessoryitem,.lang,items\lang\german\petrainbowfireflyaccessoryitem.lang,Pet Rainbow Firefly Accessory,Haustier-Regenbogen-Glühwürmchen,das,ein,dieses,"Ein schillerndes, mythisches Glühwürmchen, das in allen Farben des Regenbogens leuchtet."
petrataccessoryitem,.lang,items\lang\german\petrataccessoryitem.lang,Pet Rat Accessory,Haustier-Ratte,die,eine,diese,"Ein großes Nagetier, das dir überallhin folgen wird!"
petrockdebrisaccessoryitem,.lang,items\lang\german\petrockdebrisaccessoryitem.lang,Pet Rock Debris Accessory,Haustier-Stein,der,ein,dieser,"Ein gewöhnlicher Stein. Du solltest nicht viel von ihm erwarten. Moment mal, hat er sich gerade bewegt ...?"
petspideraccessoryitem,.lang,items\lang\german\petspideraccessoryitem.lang,Pet Spider Accessory,Haustier-Spinne,die,eine,diese,"Eine furchterregende lila Spinne, die dir überallhin folgen wird!"
petturtleaccessoryitem,.lang,items\lang\german\petturtleaccessoryitem.lang,Pet Turtle Accessory,Haustier-Schildkröte,die,eine,diese,"Eine freundliche kleine Schildkröte, die dir überallhin folgen wird!"
petwolfspideraccessoryitem,.lang,items\lang\german\petwolfspideraccessoryitem.lang,Pet Wolf Spider Accessory,Haustier-Wolfsspinne,die,eine,diese,"Eine schreckliche orange Spinne, die dir überallhin folgen wird!"
pickaxefurnitureitem,.lang,items\lang\german\pickaxefurnitureitem.lang,Pickaxe Furniture,Spitzhacke,die,eine,diese,"Ein schweres Grabwerkzeug, das stolz an deiner Wand ausgestellt werden kann. Es sieht glänzend und neu aus!"
pigeonitem,.lang,items\lang\german\pigeonitem.lang,Pigeon,Taube,die,eine,diese,Ein mittelgroßer Vogel mit blau gefärbtem Gefieder.
pikeitem,.lang,items\lang\german\pikeitem.lang,Pike,Hecht,der,ein,dieser,Ein riesiger hellgelber Fisch. Kommt in Süßwasserumgebungen vor.
pitlodeitem,.lang,items\lang\german\pitlodeitem.lang,Pitlode,Minenjuwel,das,ein,dieses,Ein kleiner Edelstein mit einem seltsamen dunklen Muster.
plantfooditem,.lang,items\lang\german\plantfooditem.lang,Plant Food,Pflanzennährstoff,der,ein,dieser,Idealer Nährstoff für eine wachsende Pflanze. Trage ihn täglich auf jede Pflanze in deinem Garten auf und du wirst hochwertige Kräuter anbauen! Wird bei der Anwendung verbraucht.
plantfoodrecipeitem,.lang,items\lang\german\plantfoodrecipeitem.lang,Plant Food Recipe,Rezept für Pflanzennährstoff,das,ein,dieses,Versorge deinen Kräutergarten gut mit diesem Pflanzennährstoff!
plasticcurioitem,.lang,items\lang\german\plasticcurioitem.lang,Plastic Curio,Kunststoff-Kuriosität,die,eine,diese,Ein Ring aus knallbuntem Kunststoff mit stacheligen Teilen auf der Innenseite.
platinumoreitem,.lang,items\lang\german\platinumoreitem.lang,Platinum Ore,Platinerz,das,ein,dieses,"Unverarbeitetes Platin. Ein wertvolles Mineral, das nur in bestimmten Höhlen gefunden wird."
plushrugfurnitureitem,.lang,items\lang\german\plushrugfurnitureitem.lang,Plush Rug Furniture,Plüschteppich,der,ein,dieser,"Ein kleiner Bodenteppich aus dicken rosa Fasern, die sich sehr weich an den Pfoten anfühlen."
pointycurioitem,.lang,items\lang\german\pointycurioitem.lang,Pointy Curio,Spitze Kuriosität,die,eine,diese,Ein dünnes gelbes Stöckchen mit einer spitzen Spitze.
polishedstoneitem,.lang,items\lang\german\polishedstoneitem.lang,Polished Stone,Polierter Stein,der,ein,dieser,"Ein perfekt kugelförmiger Stein, abgerundet und geschliffen, bis seine glatte Oberfläche glänzt. Dieser Gegenstand kann deinem Steinlager gespendet werden."
polishedstonerecipeitem,.lang,items\lang\german\polishedstonerecipeitem.lang,Polished Stone Recipe,Rezept für polierten Stein,das,ein,dieses,"Ein perfekt kugelförmiger Stein, abgerundet und geschliffen, bis seine glatte Oberfläche glänzt. Dieser Gegenstand kann deinem Steinvorrat gespendet werden."
portobelloitem,.lang,items\lang\german\portobelloitem.lang,Portobello,Brauner Champignon,der,ein,dieser,Ein gesundheitsfördernder brauner Pilz. Er ist ein sättigender Snack.
pouffurnitureitem,.lang,items\lang\german\pouffurnitureitem.lang,Pouf Furniture,Hocker,der,ein,dieser,Ein weicher ovaler Hocker aus grob gestricktem Stoff.
powerpawblueitem,.lang,items\lang\german\powerpawblueitem.lang,Power Paw Blue,Power-Pfote (Blau),die,eine,diese,"Ein antikes Token aus glänzendem blauem Metall. Die Legende besagt, dass es dich widerstandsfähiger gegen Hunger machen kann."
powerpawgreenitem,.lang,items\lang\german\powerpawgreenitem.lang,Power Paw Green,Power-Pfote (Grün),die,eine,diese,"Ein antikes Token aus glänzendem grünem Metall. Die Legende besagt, dass es dein Glück erhöhen kann."
powerpawpurpleitem,.lang,items\lang\german\powerpawpurpleitem.lang,Power Paw Purple,Power-Pfote (Lila),die,eine,diese,"Ein antikes Token aus glänzendem lila Metall. Die Legende besagt, dass es deine soziale Anmut verbessern kann."
powerpawrainbowitem,.lang,items\lang\german\powerpawrainbowitem.lang,Power Paw Rainbow,Power-Pfote (Regenbogen),die,eine,diese,"Ein antikes Token aus schimmerndem Regenbogenmetall. Die Legende besagt, dass es deine Kampffähigkeiten verbessert."
powerpawreditem,.lang,items\lang\german\powerpawreditem.lang,Power Paw Red,Power-Pfote (Rot),die,eine,diese,"Ein antikes Token aus glänzendem rotem Metall. Die Legende besagt, dass es deine Vitalität erhöhen kann."
powerpawyellowitem,.lang,items\lang\german\powerpawyellowitem.lang,Power Paw Yellow,Power-Pfote (Gelb),die,eine,diese,"Ein antikes Token aus glänzendem gelbem Metall. Die Legende besagt, dass es dich schneller machen kann."
prowleritem,.lang,items\lang\german\prowleritem.lang,Prowler,Streuner,der,ein,dieser,Ein gruseliges Krabbeltier mit einem fiesen Biss. Häufig in Schwärmen anzutreffen.
quartzitem,.lang,items\lang\german\quartzitem.lang,Quartz,Quarz,der,ein,dieser,Eine Formation aus hellrosa durchscheinenden Kristallen.
queenofthenightitem,.lang,items\lang\german\queenofthenightitem.lang,Queen of the Night,Königin der Nacht,die,eine,diese,"Eine mysteriöse Blume, die nur nachts blüht."
queenofthenightseedsitem,.lang,items\lang\german\queenofthenightseedsitem.lang,Queen of the Night Seeds,Königin-Samen,die,ein Haufen Königin-der-Nacht-Samen,diese,"Eine große Zwiebel, die von einer Königin-der-Nacht-Pflanze stammt. Säe sie im Garten aus und beobachte, wie sie wächst!"
queenofthenightseedsrecipeitem,.lang,items\lang\german\queenofthenightseedsrecipeitem.lang,Queen of the Night Seeds Recipe,Rezept für Königin-Samen,das,ein,dieses,Pflanze eine Königin der Nacht in deinem Garten mit diesen Samen an! Diese wunderschönen Blumen sind zart und schön anzusehen.
rabbititem,.lang,items\lang\german\rabbititem.lang,Rabbit,Kaninchen,das,ein,dieses,Ein pummeliges Kaninchen. Würde eine sättigende Mahlzeit ergeben.
raspberriesfairitem,.lang,items\lang\german\raspberriesfairitem.lang,Raspberries [Fair],Himbeeren,die,ein,diese,Ansprechende rote Beeren mit einem Hauch von süßem Geschmack.
raspberriesgooditem,.lang,items\lang\german\raspberriesgooditem.lang,Raspberries [Good],Himbeeren,die,ein,diese,Verlockende rote Beeren mit einem Hauch von süßem Geschmack.
raspberriespooritem,.lang,items\lang\german\raspberriespooritem.lang,Raspberries [Poor],Himbeeren,die,ein,diese,Kleine rote Beeren mit einem Hauch von süßem Geschmack.
raspberriesseedsitem,.lang,items\lang\german\raspberriesseedsitem.lang,Raspberries Seeds,Himbeersamen,die,ein,diese,"Winzige rötlich-braune Samen, die von einer Himbeere stammen. Säe sie im Garten aus und beobachte, wie sie wachsen!"
raspberriesseedsrecipeitem,.lang,items\lang\german\raspberriesseedsrecipeitem.lang,Raspberries Seeds Recipe,Rezept für Himbeersamen,das,ein,dieses,Pflanze rote Himbeeren in deinem Garten mit diesen Samen an! Himbeeren sind ein köstlicher Snack.
ratitem,.lang,items\lang\german\ratitem.lang,Rat,Ratte,die,eine,diese,"Ein rauflustiges Nagetier, das sich nicht kampflos geschlagen geben will."
redladybugitem,.lang,items\lang\german\redladybugitem.lang,Red Ladybug,Roter Marienkäfer,der,ein,dieser,Ein hübscher kleiner Käfer mit schwarzen Punkten.
redroseitem,.lang,items\lang\german\redroseitem.lang,Red Rose,Rote Rose,die,eine,diese,"Eine wunderschöne rote Blume, die wahre Liebe symbolisiert. Gib sie einer Katze, um ihr zu zeigen, dass du dich in sie verliebt hast!"
redroseseedsitem,.lang,items\lang\german\redroseseedsitem.lang,Red Rose Seeds,Rote-Rosen-Samen,die,ein,diese,"Leicht gefärbte Samen, die von einer roten Rose stammen. Säe sie im Garten aus und beobachte, wie sie wachsen!"
redroseseedsrecipeitem,.lang,items\lang\german\redroseseedsrecipeitem.lang,Red Rose Seeds Recipe,Rezept für Rote-Rosen-Samen,das,ein,dieses,"Pflanze rote Rosen in deinem Garten mit diesen Samen an! Das Symbol der wahren Liebe. Alle Katzen wissen, was es bedeutet, eine zu bekommen."
redscarfaccessoryitem,.lang,items\lang\german\redscarfaccessoryitem.lang,Red Scarf Accessory,Roter Schal,der,ein,dieser,Jetzt kannst du gleichzeitig gemütlich und modisch sein!
robinitem,.lang,items\lang\german\robinitem.lang,Robin,Rotkehlchen,das,ein,dieses,"Es ist schwer, den leuchtend roten Bauch zu übersehen."
rockdebrisitem,.lang,items\lang\german\rockdebrisitem.lang,Rock Debris,Kieselsteine,die,ein Haufen Kieselsteine,diese Kieselsteine,Ein kleiner Haufen fast wertloser Kieselsteine.
rosymothitem,.lang,items\lang\german\rosymothitem.lang,Rosy Moth,Rosige Motte,die,eine,diese,Eine angenehme pastellfarbene Beute mit einem samtigen Bauch.
roundglassesaccessoryitem,.lang,items\lang\german\roundglassesaccessoryitem.lang,Round Glasses Accessory,Runde Brille,die,eine,diese,"Kleine, runde Brille zum Tragen im Gesicht."
rubbermatfurnitureitem,.lang,items\lang\german\rubbermatfurnitureitem.lang,Rubber Mat Furniture,Gummimatte,die,eine,diese,"Eine kleine dunkle Matte aus dünnem Gummi. Ideal geeignet, um Schlamm von den Pfoten zu wischen, aber mehr auch nicht."
rubyitem,.lang,items\lang\german\rubyitem.lang,Ruby,Rubin,der,ein,dieser,Ein makelloser roter Edelstein.
salmonitem,.lang,items\lang\german\salmonitem.lang,Salmon,Lachs,der,ein,dieser,Dieser große Süßwasserfisch hat einen schillernden Streifen entlang seines Rückens.
sapphireitem,.lang,items\lang\german\sapphireitem.lang,Sapphire,Saphir,der,ein,dieser,"Ein funkelnder blauer Edelstein, so leuchtend und tief wie ein klarer Sommerhimmel."
scallopitem,.lang,items\lang\german\scallopitem.lang,Scallop,Jakobsmuschel,die,eine,diese,Eine kleine Muschel mit einem rosa Farbton. Fühlt sich glatt an.
seabassitem,.lang,items\lang\german\seabassitem.lang,Sea Bass,Seebarsch,der,ein,dieser,Ein dunkler Salzwasserfisch mit stacheligen Flossen. Schmeckt ... salzig.
shaleitem,.lang,items\lang\german\shaleitem.lang,Shale,Schiefer,der,ein,dieser,"Schichten aus dunklem, sprödem Gestein."
shimmercragitem,.lang,items\lang\german\shimmercragitem.lang,Shimmercrag,Schimmerfelsen,der,ein,dieser,Diese funkelnden Juwelen sind schwer zu bekommen. Ein leises Summen geht von der Mitte aus. Welche Kraft ist darin enthalten?
shinycurioitem,.lang,items\lang\german\shinycurioitem.lang,Shiny Curio,Glänzende Kuriosität,die,eine,diese,"Ein glänzendes Material, grob zu einer Kugel geformt."
shinytrinketitem,.lang,items\lang\german\shinytrinketitem.lang,Shiny Trinket,Glänzendes Schmuckstück,das,ein,dieses,"Ein schillerndes Schmuckstück aus menschlicher Herstellung. Verwende diesen Gegenstand, um der Katze, die dein Herz gestohlen hat, einen Heiratsantrag zu machen!"
shinytrinketrecipeitem,.lang,items\lang\german\shinytrinketrecipeitem.lang,Shiny Trinket Recipe,Rezept für ein glänzendes Schmuckstück,das,ein,dieses,"Ein schillerndes Schmuckstück aus menschlicher Herstellung. Verwende diesen Gegenstand, um der Katze, die dein Herz gestohlen hat, einen Heiratsantrag zu machen!"
shrewitem,.lang,items\lang\german\shrewitem.lang,Shrew,Spitzmaus,die,eine,diese,Eine pummelige kleine Spitzmaus mit einer bärtigen Schnauze.
silvercrownaccessoryitem,.lang,items\lang\german\silvercrownaccessoryitem.lang,Silver Crown Accessory,Silberne Krone,die,eine,diese,Diese elegante Krone ist aus robustem Metall gefertigt.
silveroreitem,.lang,items\lang\german\silveroreitem.lang,Silver Ore,Silbererz,das,ein,dieses,Ein Silbervorkommen verläuft durch diesen Felsen und lässt ihn glänzen.
smallcurioitem,.lang,items\lang\german\smallcurioitem.lang,Small Curio,Kleine Kuriosität,die,eine,diese,Ein seltsames Keramikobjekt mit einem Loch in der Mitte.
snakeitem,.lang,items\lang\german\snakeitem.lang,Snake,Schlange,die,eine,diese,Eine kriechende grüne Bedrohung mit gespaltener Zunge.
snakelilyfairitem,.lang,items\lang\german\snakelilyfairitem.lang,Snake Lily [Fair],Schlangenlilie,die,eine,diese,Eine schädliche lila Blüte. Verleiht deinen Angriffen einen Gifteffekt.
snakelilygooditem,.lang,items\lang\german\snakelilygooditem.lang,Snake Lily [Good],Schlangenlilie,die,eine,diese,Eine bösartige lila Blüte. Verleiht deinen Angriffen einen Gifteffekt.
snakelilypooritem,.lang,items\lang\german\snakelilypooritem.lang,Snake Lily [Poor],Schlangenlilie,die,eine,diese,Eine giftige lila Blüte. Verleiht deinen Angriffen einen Gifteffekt.
snakelilyseedsitem,.lang,items\lang\german\snakelilyseedsitem.lang,Snake Lily Seeds,Schlangenliliensamen,die,ein,diese,"Dunkle Schoten, die von einer Schlangenlilienpflanze stammen. Säe sie im Garten aus und beobachte, wie sie wachsen!"
snakelilyseedsrecipeitem,.lang,items\lang\german\snakelilyseedsrecipeitem.lang,Snake Lily Seeds Recipe,Rezept für Schlangenliliensamen,das,ein,dieses,"Pflanze Schlangenlilien in deinem Garten mit diesen Samen an! Diese gefährliche Pflanze kann auf deine Krallen aufgetragen werden, um zusätzlichen Schaden zu verursachen."
snowysweateraccessoryitem,.lang,items\lang\german\snowysweateraccessoryitem.lang,Snowy Sweater Accessory,Schneeflocken-Pullover,der,ein,dieser,Ein warmer Wollpullover mit einem Schneeflockenmuster.
softcurioitem,.lang,items\lang\german\softcurioitem.lang,Soft Curio,Weiche Kuriosität,die,eine,diese,"Ein sehr weiches, rundes Ding aus Baumwolle."
southerndamselflyitem,.lang,items\lang\german\southerndamselflyitem.lang,Southern Damselfly,Helm-Azurjungfer (Libelle),die,eine,diese,"Eine lange, dürr aussehende Libelle mit vier breiten Flügeln."
sparklycurioitem,.lang,items\lang\german\sparklycurioitem.lang,Sparkly Curio,Glitzernde Kuriosität,die,eine,diese,"Ein komplexer Knoten, aus einem glitzernden Band gebunden."
sparrowitem,.lang,items\lang\german\sparrowitem.lang,Sparrow,Spatz,der,ein,dieser,Ein winziger brauner Vogel mit einer rötlichen Färbung.
sphinxmothitem,.lang,items\lang\german\sphinxmothitem.lang,Sphinx Moth,Schwärmer (Motte),der,ein,dieser,"Eine verschwommene fliegende Figur, die nachts auftaucht."
spideritem,.lang,items\lang\german\spideritem.lang,Spider,Spinne,die,eine,diese,Ein gruseliges Krabbeltier mit acht Beinen und einem hängenden Unterleib.
spikeballitem,.lang,items\lang\german\spikeballitem.lang,Spikeball,Stachel,der,ein,dieser,"Eine tödliche Maschine, die in den Minen gefunden wurde."
spikecollaritem,.lang,items\lang\german\spikecollaritem.lang,Spike Collar Accessory,Stachelhalsband,das,ein,dieses,"Wenn Einschüchterung das Ziel ist, dann ist dieses Halsband genau das Richtige für dich. Sind die Stacheln aus Metall oder aus Zähnen ...?"
spiketrapfurnitureitem,.lang,items\lang\german\spiketrapfurnitureitem.lang,Spike Trap Furniture,Stachelfalle,die,eine,diese,"Eine gefährliche Apparatur, die von selbst läuft. Vorsichtig behandeln!"
spring1recorditem,.lang,items\lang\german\spring1recorditem.lang,Spring 1 Record,Frühling 1,der,ein,dieser,"Eine Schallplatte, die du auf dem Plattenspieler in deiner Höhle abspielen kannst. Dieser Titel ist eine lebhafte Frühlingsmelodie."
spring2recorditem,.lang,items\lang\german\spring2recorditem.lang,Spring 2 Record,Frühling 2,der,ein,dieser,"Eine Schallplatte, die du auf dem Plattenspieler in deiner Höhle abspielen kannst. Dieser Titel ist eine dynamische Frühlingsmelodie."
spring3recorditem,.lang,items\lang\german\spring3recorditem.lang,Spring 3 Record,Frühling 3,der,ein,dieser,"Eine Schallplatte, die du auf dem Plattenspieler in deiner Höhle abspielen kannst. Dieser Titel ist eine energiegeladene Frühlingsmelodie."
springfestivalrecorditem,.lang,items\lang\german\springfestivalrecorditem.lang,Spring Festival Record,Frühlingsfest,das,ein,dieses,"Eine Schallplatte, die du auf dem Plattenspieler in deiner Höhle abspielen kannst. Dieser Titel ist eine Frühlingsparty-Melodie."
springycurioitem,.lang,items\lang\german\springycurioitem.lang,Springy Curio,Springende Kuriosität,die,eine,diese,Boing! Boing!
squareglassesaccessoryitem,.lang,items\lang\german\squareglassesaccessoryitem.lang,Square Glasses Accessory,Quadratische Brille,die,eine,diese,"Große, rechteckige Rahmen zum Tragen im Gesicht."
squirrelitem,.lang,items\lang\german\squirrelitem.lang,Squirrel,Eichhörnchen,das,ein,dieses,"Ein saftiges Eichhörnchen, gefangen von einer erfahrenen Katze auf der Jagd."
starlingitem,.lang,items\lang\german\starlingitem.lang,Starling,Star,der,ein,dieser,"Ein schillernder Vogel mit auffälligen, sternenähnlichen Tupfen."
stoatitem,.lang,items\lang\german\stoatitem.lang,Stoat,Hermelin,der,ein,dieser,Ein aggressives schneeweißes Säugetier.
stonedaisfurnitureitem,.lang,items\lang\german\stonedaisfurnitureitem.lang,Stone Dais Furniture,Steinpodest,das,ein,dieses,Eine niedrige Plattform aus staubigen vergilbten Steinen.
stretchmatfurnitureitem,.lang,items\lang\german\stretchmatfurnitureitem.lang,Stretch Mat Furniture,Stretch-Matte,die,eine,diese,Eine lange mintgrüne Gummimatte. Der perfekte Ort für deine morgendlichen Dehnungsübungen. Bleib flexibel!
stretchycurioitem,.lang,items\lang\german\stretchycurioitem.lang,Stretchy Curio,Dehnbare Kuriosität,die,eine,diese,"Ein gummiartiges Ding, das sich leicht dehnt."
stripedsweateraccessoryitem,.lang,items\lang\german\stripedsweateraccessoryitem.lang,Striped Sweater Accessory,Gestreifter Pullover,der,ein,dieser,Ein modischer grün-weiß gestreifter Pullover.
summer1recorditem,.lang,items\lang\german\summer1recorditem.lang,Summer 1 Record,Sommer 1,der,ein,dieser,"Eine Schallplatte, die du auf dem Plattenspieler in deiner Höhle abspielen kannst. Dieser Titel ist eine warme Sommermelodie."
summer2recorditem,.lang,items\lang\german\summer2recorditem.lang,Summer 2 Record,Sommer 2,der,ein,dieser,"Eine Schallplatte, die du auf dem Plattenspieler in deiner Höhle abspielen kannst. Dieser Titel ist eine angenehme Sommermelodie."
summer3recorditem,.lang,items\lang\german\summer3recorditem.lang,Summer 3 Record,Sommer 3,der,ein,dieser,"Eine Schallplatte, die du auf dem Plattenspieler in deiner Höhle abspielen kannst. Dieser Titel ist eine mitreißende Sommermelodie."
summerfestivalrecorditem,.lang,items\lang\german\summerfestivalrecorditem.lang,Summer Festival Record,Sommerfest,das,ein,dieses,"Eine Schallplatte, die du auf dem Plattenspieler in deiner Höhle abspielen kannst. Dieser Titel ist eine Sommerparty-Melodie."
summersweateraccessoryitem,.lang,items\lang\german\summersweateraccessoryitem.lang,Summer Sweater Accessory,Sommerpullover,der,ein,dieser,Ein heller Pullover mit einem Bild der Sonne auf dem Rücken.
supplytroveitem,.lang,items\lang\german\supplytroveitem.lang,Supply Trove,Fundgrube,die,eine,diese,"Spende diesen Gegenstand, um den Wert jedes deiner Vorratslager um 2 zu erhöhen!"
supplytroverecipeitem,.lang,items\lang\german\supplytroverecipeitem.lang,Supply Trove Recipe,Rezept für eine Fundgrube,das,ein,dieses,"Schaltet ein neues Rezept für Fundgruben. Fundgruben können gespendet werden, um den Wert aller Vorratslager deiner Kolonie um 2 zu erhöhen!"
surcoataccessoryitem,.lang,items\lang\german\surcoataccessoryitem.lang,Surcoat Accessory,Wams,das,ein,dieses,Ein locker sitzendes Hemd mit kräftigen matten Farben.
sweetcurioitem,.lang,items\lang\german\sweetcurioitem.lang,Sweet Curio,Süße Kuriosität,die,eine,diese,"Du bist dir nicht sicher, wie du den Deckel entfernen sollst, aber es riecht auf jeden Fall süß."
teethmaskaccessoryitem,.lang,items\lang\german\teethmaskaccessoryitem.lang,Teeth Mask Accessory,Zahnmaske,die,eine,diese,Eine robust aussehende Maske zum Aufsetzen auf Nase und Maul.
theatermaskaccessoryitem,.lang,items\lang\german\theatermaskaccessoryitem.lang,Theater Mask Accessory,Theatermaske,die,eine,diese,Eine seltsame Maske aus einem längst vergessenen Theaterstück.
thistlefairitem,.lang,items\lang\german\thistlefairitem.lang,Thistle [Fair],Distel,die,eine,diese,Ein knollenförmiger Strang aus hellblauen Nadeln. Verbessert dein Schwimmen für eine kurze Zeit.
thistlegooditem,.lang,items\lang\german\thistlegooditem.lang,Thistle [Good],Distel,die,eine,diese,Ein gesunder Strang aus hellblauen Nadeln. Verbessert dein Schwimmen für kurze Zeit.
thistlepooritem,.lang,items\lang\german\thistlepooritem.lang,Thistle [Poor],Distel,die,eine,diese,Ein hoher Strang aus hellblauen Nadeln. Verbessert dein Schwimmen für eine kurze Zeit.
thistleseedsitem,.lang,items\lang\german\thistleseedsitem.lang,Thistle Seeds,Distelsamen,die,ein,diese,"Kleine gelbe Samen, die von einer Distelpflanze stammen. Säe sie im Garten aus und beobachte, wie sie wachsen!"
thistleseedsrecipeitem,.lang,items\lang\german\thistleseedsrecipeitem.lang,Thistle Seeds Recipe,Rezept für Distelsamen,das,ein,dieses,"Pflanze Disteln in deinem Garten mit diesen Samen an! Disteln helfen dir, für kurze Zeit besser zu schwimmen."
thrushitem,.lang,items\lang\german\thrushitem.lang,Thrush,Drossel,die,eine,diese,Ein Vogel mit einem gesprenkelten Muster auf dem Bauch.
tiaraaccessoryitem,.lang,items\lang\german\tiaraaccessoryitem.lang,Tiara Accessory,Tiara,die,eine,diese,Ein zierlicher Kopfschmuck. Wie für eine Prinzessin.
tigerbutterflyitem,.lang,items\lang\german\tigerbutterflyitem.lang,Tiger Butterfly,Tigerschwalbenschwanz,der,ein,dieser,Ein fliegendes Insekt mit schwarzen Streifen auf gelben Flügeln.
toaditem,.lang,items\lang\german\toaditem.lang,Toad,Kröte,die,eine,diese,"Sieht so aus, als hätte sie das Zeitliche gesegnet."
topazitem,.lang,items\lang\german\topazitem.lang,Topaz,Topas,der,ein,dieser,Ein glänzender gelber Edelstein.
tophataccessoryitem,.lang,items\lang\german\tophataccessoryitem.lang,Top Hat Accessory,Zylinder,der,ein,dieser,Ein schicker schwarzer Hut mit runder Krempe. Formell und elegant!
trainingmanualitem,.lang,items\lang\german\trainingmanualitem.lang,Training Manual,Trainings-Handbuch,das,ein,dieses,"Viele hilfreiche Informationen für alle, die das Abenteuer suchen! Benutze diesen Gegenstand, während eine befreundete Katze dir folgt, um Buddy-EP sofort zu erhöhen."
treasurechestfurnitureitem,.lang,items\lang\german\treasurechestfurnitureitem.lang,Treasure Chest Furniture,Schatzkiste,die,eine,diese,"Der perfekte Ort, um deine Wertsachen zu verstecken! Kann verwendet werden, um auf dein Lager zuzugreifen."
treasurehoardbedfurnitureitem,.lang,items\lang\german\treasurehoardbedfurnitureitem.lang,Treasure Hoard Bed Furniture,Schatzkammer-Bett,das,ein,dieses,"Schütze deinen Reichtum vor neugierigen Pfoten, indem du wie ein schlummernder Drache darauf schläfst! Ein stattlicher Haufen von Münzen und kostbaren Edelsteinen."
tremortroveitem,.lang,items\lang\german\tremortroveitem.lang,Tremortrove,Zittermaschine,die,eine,diese,"Eine gedankenlose Maschine, die örtlich begrenzte Erdbeben in einem rhythmischen Muster erzeugen kann."
tropicalbutterflyitem,.lang,items\lang\german\tropicalbutterflyitem.lang,Tropical Butterfly,Tropischer Schmetterling,der,ein,dieser,Ein leichtes Insekt mit vielfältiger Zeichnung.
troutitem,.lang,items\lang\german\troutitem.lang,Trout,Forelle,die,eine,diese,"Ein großer, gefleckter Süßwasserfisch. Das Abendessen ist serviert!"
troutplaquefurnitureitem,.lang,items\lang\german\troutplaquefurnitureitem.lang,Trout Plaque Furniture,Forellen-Plakette,die,eine,diese,Zeige dein Angeltalent mit dieser an der Wand befestigten Trophäe einer Forelle auf einem Holzbrett!
turretitem,.lang,items\lang\german\turretitem.lang,Turret,Türmchen,das,ein,dieses,"Eine hohe, spitze Muschel, die einst eine winzige Schnecke beherbergte."
turtleitem,.lang,items\lang\german\turtleitem.lang,Turtle,Schildkröte,die,eine,diese,Eine bemalte Schildkröte mit einem harten Panzer.
tussockmothitem,.lang,items\lang\german\tussockmothitem.lang,Tussock Moth,Trägspinner (Motte),der,ein,dieser,Ein schlichtes Flugtier mit hellen Streifen auf den Flügeln.
undergroundindustryrecorditem,.lang,items\lang\german\undergroundindustryrecorditem.lang,Underground Industry Record,Untergrundindustrie,die,eine,diese,"Eine Schallplatte, die du auf dem Plattenspieler in deiner Höhle abspielen kannst. Dieser Titel ist eine Bergbau-Melodie, die bei Maulwürfen überall beliebt ist."
unidentifiedcurioitem,.lang,items\lang\german\unidentifiedcurioitem.lang,Unidentified Curio,Unidentifizierte Kuriosität,die,eine,diese,"Was könnte diese seltsame Neuheit sein? Bringe sie zum Kuriositäten-Identifikationstisch im Museum, um sie zu identifizieren."
unidentifiedcuriorecipeitem,.lang,items\lang\german\unidentifiedcuriorecipeitem.lang,Unidentified Curio Recipe,Rezept für unidentifizierte Kuriosität,das,ein,dieses,Beim Durchsuchen dieser Gegenstände kannst du manchmal eine verlorene Kuriosität finden. Bringe sie ins Museum zur Identifizierung.
valerianfairitem,.lang,items\lang\german\valerianfairitem.lang,Valerian [Fair],Baldrian,der,ein,dieser,Ein Büschel fröhlicher rosa und weißer Blüten. Erhöht für kurze Zeit deine Bewegungsgeschwindigkeit.
valeriangooditem,.lang,items\lang\german\valeriangooditem.lang,Valerian [Good],Baldrian,der,ein,dieser,Eine Ansammlung von leuchtend rosa und weißen Blüten. Erhöht für kurze Zeit deine Bewegungsgeschwindigkeit.
valerianpooritem,.lang,items\lang\german\valerianpooritem.lang,Valerian [Poor],Baldrian,der,ein,dieser,Eine Ansammlung aus mattrosa und weißen Blüten. Erhöht für kurze Zeit deine Bewegungsgeschwindigkeit.
valerianseedsitem,.lang,items\lang\german\valerianseedsitem.lang,Valerian Seeds,Baldriansamen,die,ein,diese,"Kleine braune Samen, die von einer Baldrianpflanze stammen. Säe sie im Garten aus und beobachte, wie sie wachsen!"
valerianseedsrecipeitem,.lang,items\lang\german\valerianseedsrecipeitem.lang,Valerian Seeds Recipe,Rezept für Baldriansamen,das,ein,dieses,Pflanze mit diesen Samen Baldrian in deinem Garten an! Baldrian kann einer Katze einen Energieschub geben.
vialofspringshowersitem,.lang,items\lang\german\vialofspringshowersitem.lang,Vial of Spring Showers,Phiole des Frühlingsregens,die,eine,diese,"Verwende dies jederzeit, um einen leichten Frühlingsregen bis zum Ende des Tages herbeizurufen. Zur einmaligen Anwendung."
voidlingcat,.lang,items\lang\german\voidlingcat.lang,VoidlingCat,Schattenkatze,die,eine,diese,Ein unfreundlicher Schatten in Form einer Katze.
voidmarrowitem,.lang,items\lang\german\voidmarrowitem.lang,Voidmarrow,Schatten,der,ein,dieser,Ein wimmelnder Haufen schattiger Essenz. Es vermittelt dir ein unbehagliches Gefühl.
voleitem,.lang,items\lang\german\voleitem.lang,Vole,Wühlmaus,die,eine,diese,Sieht ein bisschen wie ein Hamster aus.
wallcrystalsfurnitureitem,.lang,items\lang\german\wallcrystalsfurnitureitem.lang,Wall Crystals Furniture,Wandkristalle,die,eine,diese,"Rosa-weiße Quarzkristalle, die sich an senkrechten Oberflächen wie den Wänden deiner Höhle festhalten können."
weaselitem,.lang,items\lang\german\weaselitem.lang,Weasel,Wiesel,das,ein,dieses,"Eine schlanke Kreatur mit kleinen, runden Ohren."
whiskersaccessoryitem,.lang,items\lang\german\whiskersaccessoryitem.lang,Whiskers Accessory,Schnurrhaare,die,ein,diese,"Die meisten Katzen haben Schnurrhaare, aber diese sind dicker und deutlicher ausgeprägt."
whitebuttonitem,.lang,items\lang\german\whitebuttonitem.lang,White Button,Weißer Champignon,der,ein,dieser,Ein zierlicher Weißkappenpilz mit erdigem Geschmack.
whitecavecricketitem,.lang,items\lang\german\whitecavecricketitem.lang,White Cave Cricket,Weiße Höhlenschrecke,die,eine,diese,Eine kleine Kreatur mit dunklen Augen und einem durchsichtigen Körper. Sie versammeln sich oft unter Steinen.
whitefireflyitem,.lang,items\lang\german\whitefireflyitem.lang,White Firefly,Weißes Glühwürmchen,das,ein,dieses,"Ein leuchtender Sommerkäfer, der weißes Licht ausstrahlt."
whitefloweraccessoryitem,.lang,items\lang\german\whitefloweraccessoryitem.lang,White Flower Accessory,Weiße Blume,die,eine,diese,Eine schöne weiße Blüte als Kopfschmuck.
whitespikecollaraccessoryitem,.lang,items\lang\german\whitespikecollaraccessoryitem.lang,White Spike Collar Accessory,Weißes Stachelhalsband,das,ein,dieses,"Ein weißes Lederband, besetzt mit kleinen schwarzen Stacheln. Sie sehen spitz aus!"
whorlitem,.lang,items\lang\german\whorlitem.lang,Whorl,Wirbel,der,ein,dieser,Diese harte Schale hat ein Spiralmuster.
wildwoodrecorditem,.lang,items\lang\german\wildwoodrecorditem.lang,Wildwood Record,Wildwood,der,ein,dieser,"Eine Schallplatte, die du auf dem Plattenspieler in deiner Höhle abspielen kannst. Dieser Titel ist eine abenteuerliche Melodie."
winter1recorditem,.lang,items\lang\german\winter1recorditem.lang,Winter 1 Record,Winter 1,der,ein,dieser,"Eine Schallplatte, die du auf dem Plattenspieler in deiner Höhle abspielen kannst. Dieser Titel ist eine beruhigende Wintermelodie."
winter2recorditem,.lang,items\lang\german\winter2recorditem.lang,Winter 2 Record,Winter 2,der,ein,dieser,"Eine Schallplatte, die du auf dem Plattenspieler in deiner Höhle abspielen kannst. Dieser Titel ist eine kühle Wintermelodie."
winter3recorditem,.lang,items\lang\german\winter3recorditem.lang,Winter 3 Record,Winter 3,der,ein,dieser,"Eine Schallplatte, die du auf dem Plattenspieler in deiner Höhle abspielen kannst. Dieser Titel ist eine friedliche Wintermelodie."
winterfestivalrecorditem,.lang,items\lang\german\winterfestivalrecorditem.lang,Winter Festival Record,Winterfest,das,ein,dieses,"Eine Schallplatte, die du auf dem Plattenspieler in deiner Höhle abspielen kannst. Dieser Titel ist eine Winterparty-Melodie."
winterlightsfurnitureitem,.lang,items\lang\german\winterlightsfurnitureitem.lang,Winter Lights Furniture,Winterlichter,die,eine,diese,"Mehrfarbige Glühbirnen, an einer festlichen Schnur aufgereiht."
wirycurioitem,.lang,items\lang\german\wirycurioitem.lang,Wiry Curio,Drahtige Kuriosität,die,eine,diese,Ein verlockendes langes Stück eines zwirnartigen Materials.
wolfspideritem,.lang,items\lang\german\wolfspideritem.lang,Wolf Spider,Wolfsspinne,die,eine,diese,"Eine beängstigende Kreatur mit einem speziellen Gift, das deine Bewegungen verlangsamen kann."
woodencurioitem,.lang,items\lang\german\woodencurioitem.lang,Wooden Curio,Hölzerne Kuriosität,die,eine,diese,"Ein flacher Holzstab, an einem Ende leicht gebeizt."
woolycurioitem,.lang,items\lang\german\woolycurioitem.lang,Wooly Curio,Wollige Kuriosität,die,eine,diese,Ein sehr weicher Beutel aus Stoff.
wovenrugfurnitureitem,.lang,items\lang\german\wovenrugfurnitureitem.lang,Woven Rug Furniture,Gewebter Teppich,der,ein,dieser,"Irgendeine Katze hat viel Zeit damit verbracht, das dicke Material sorgfältig zu weben, um diesen kleinen Teppich herzustellen!"
wrenitem,.lang,items\lang\german\wrenitem.lang,Wren,Zaunkönig,der,ein,dieser,Ein kleiner brauner Vogel.
wretchedtalismanitem,.lang,items\lang\german\wretchedtalismanitem.lang,Wretched Talisman,Elendiger Talisman,der,ein,dieser,"Ein verfluchtes Amulett, das vom Nichts flüstert. Benutze es, um eine Invasionsarmee von Schattenkatzen zu beschwören. Wenn du sie alle besiegst, wirst du belohnt."
wretchedtalismanrecipeitem,.lang,items\lang\german\wretchedtalismanrecipeitem.lang,Wretched Talisman Recipe,Rezept für den elendigen Talisman,das,ein,dieses,"Ein verfluchtes Amulett, das vom Nichts flüstert. Benutze es, um eine Invasionsarmee von Schattenkatzen zu beschwören. Wenn du sie alle besiegst, wirst du belohnt."
yellowfireflyitem,.lang,items\lang\german\yellowfireflyitem.lang,Yellow Firefly,Gelbes Glühwürmchen,das,ein,dieses,"Ein heller Sommerkäfer, der gelbes Licht ausstrahlt."
yellowladybugitem,.lang,items\lang\german\yellowladybugitem.lang,Yellow Ladybug,Gelber Marienkäfer,der,ein,dieser,Ein auffälliger kleiner Käfer mit schwarzen Punkten.
