file,extension,path,item_uid,item_rarity,item_sorting_priority,item_mews_value,item_mole_cash_value,item_can_sell,item_hunger_amount,item_prey_resource_value,item_treasure_resource_value,item_random_effect,item_attack_amount,item_venom_amount,item_immunity_amount,item_herbs_resource_value,item_influence_amount,item_special_effect,item_catnip_amount,item_sand_resource_value,item_cures_poison,item_confusion_amount,item_wood_resource_value,bundle_uids,item_can_explode,item_heal_amount,item_is_farsighted,gross_item_uids,item_stealth_amount,item_stone_resource_value,item_swim_amount,item_buddy_xp_amount,item_speed_amount
abyssaloreitem,.meta,items\abyssaloreitem.meta,Abyssal Ore,Uncommon,12423.0,2.0,6.0,True,,,,,,,,,,,,,,,,,,,,,,,,,
adderitem,.meta,items\adderitem.meta,Adder,Rare,2600.0,20.0,0.0,True,400.0,2.0,,,,,,,,,,,,,,,,,,,,,,,
alexandriteitem,.meta,items\alexandriteitem.meta,Alexandrite,Legendary,13218.0,50.0,150.0,True,,,1.0,,,,,,,,,,,,,,,,,,,,,,
amanitaitem,.meta,items\amanitaitem.meta,Amanita,Rare,3900.0,12.0,0.0,True,,,,True,,,,,,,,,,,,,,,,,,,,,
amberitem,.meta,items\amberitem.meta,Amber,Rare,12900.0,4.0,10.0,True,,,,,,,,,,,,,,,,,,,,,,,,,
amethystitem,.meta,items\amethystitem.meta,Amethyst,Uncommon,12700.0,3.0,7.0,True,,,,,,,,,,,,,,,,,,,,,,,,,
antlersaccessoryitem,.meta,items\antlersaccessoryitem.meta,Antlers Accessory,Legendary,15400.0,0.0,0.0,False,,,,,,,,,,,,,,,,,,,,,,,,,
anvilfurnitureitem,.meta,items\anvilfurnitureitem.meta,Anvil Furniture,Legendary,9500.0,0.0,0.0,False,,,,,,,,,,,,,,,,,,,,,,,,,
aquamarineitem,.meta,items\aquamarineitem.meta,Aquamarine,Uncommon,12618.0,3.0,9.0,True,,,,,,,,,,,,,,,,,,,,,,,,,
ashbeetleitem,.meta,items\ashbeetleitem.meta,Ash Beetle,Uncommon,11000.0,2.0,0.0,True,,,,,,,,,,,,,,,,,,,,,,,,,
autographitem,.meta,items\autographitem.meta,Autograph,Rare,8034.0,35.0,0.0,True,,,,,,,,,,,,,,,,,,,,,,,,,
autumn1recorditem,.meta,items\autumn1recorditem.meta,Autumn 1 Record,Legendary,19930.0,0.0,0.0,False,,,,,,,,,,,,,,,,,,,,,,,,,
autumn2recorditem,.meta,items\autumn2recorditem.meta,Autumn 2 Record,Legendary,19930.0,0.0,0.0,False,,,,,,,,,,,,,,,,,,,,,,,,,
autumn3recorditem,.meta,items\autumn3recorditem.meta,Autumn 3 Record,Legendary,19930.0,0.0,0.0,False,,,,,,,,,,,,,,,,,,,,,,,,,
autumnfestivalrecorditem,.meta,items\autumnfestivalrecorditem.meta,Autumn Festival Record,Legendary,19930.0,0.0,0.0,False,,,,,,,,,,,,,,,,,,,,,,,,,
bandeddarteritem,.meta,items\bandeddarteritem.meta,Banded Darter,Rare,10700.0,4.0,0.0,True,,,,,,,,,,,,,,,,,,,,,,,,,
barbelitem,.meta,items\barbelitem.meta,Barbel,Legendary,3400.0,40.0,0.0,True,400.0,2.0,,,,,,,,,,,,,,,,,,,,,,,
barkbeetleitem,.meta,items\barkbeetleitem.meta,Bark Beetle,Rare,11100.0,4.0,0.0,True,,,,,,,,,,,,,,,,,,,,,,,,,
barrelfurnitureitem,.meta,items\barrelfurnitureitem.meta,Barrel Furniture,Legendary,9500.0,0.0,0.0,False,,,,,,,,,,,,,,,,,,,,,,,,,
bassitem,.meta,items\bassitem.meta,Bass,Uncommon,3100.0,14.0,0.0,True,300.0,1.0,,,,,,,,,,,,,,,,,,,,,,,
batitem,.meta,items\batitem.meta,Bat,Rare,800.0,1.0,0.0,True,100.0,1.0,,,,,,,,,,,,,,,,,,,,,,,
battlepotionitem,.meta,items\battlepotionitem.meta,Battle Potion,Rare,6681.0,26.0,0.0,True,,,,,3200.0,3200.0,1800.0,,,,,,,,,,,,,,,,,,
battlepotionrecipeitem,.meta,items\battlepotionrecipeitem.meta,Battle Potion Recipe,Legendary,42008.0,0.0,0.0,False,,,,,,,,,,,,,,,,,,,,,,,,,
beakyaccessoryitem,.meta,items\beakyaccessoryitem.meta,Beaky Accessory,Legendary,16100.0,0.0,0.0,False,,,,,,,,,,,,,,,,,,,,,,,,,
beeitem,.meta,items\beeitem.meta,Bee,Uncommon,11800.0,5.0,0.0,True,,,,,,,,,,,,,,,,,,,,,,,,,
bellaccessoryitem,.meta,items\bellaccessoryitem.meta,Bell Accessory,Legendary,17000.0,0.0,0.0,False,,,,,,,,,,,,,,,,,,,,,,,,,
bendycurioitem,.meta,items\bendycurioitem.meta,Bendy Curio,Rare,99924.0,12.0,0.0,True,,,,,,,,,,,,,,,,,,,,,,,,,
birdcagefurnitureitem,.meta,items\birdcagefurnitureitem.meta,Bird Cage Furniture,Legendary,9500.0,0.0,0.0,False,,,,,,,,,,,,,,,,,,,,,,,,,
bismuthitem,.meta,items\bismuthitem.meta,Bismuth,Uncommon,12437.0,2.0,8.0,True,,,,,,,,,,,,,,,,,,,,,,,,,
blackberriesfairitem,.meta,items\blackberriesfairitem.meta,Blackberries [Fair],Common,4700.0,4.0,0.0,True,200.0,,,,,,,1.0,,,,,,,,,,,,,,,,,
blackberriesgooditem,.meta,items\blackberriesgooditem.meta,Blackberries [Good],Common,4800.0,6.0,0.0,True,300.0,,,,,,,1.0,,,,,,,,,,,,,,,,,
blackberriespooritem,.meta,items\blackberriespooritem.meta,Blackberries [Poor],Common,4600.0,2.0,0.0,True,100.0,,,,,,,1.0,,,,,,,,,,,,,,,,,
blackberriesseedsitem,.meta,items\blackberriesseedsitem.meta,Blackberries Seeds,Common,81905.0,0.0,0.0,True,,,,,,,,,,,,,,,,,,,,,,,,,
blackberriesseedsrecipeitem,.meta,items\blackberriesseedsrecipeitem.meta,Blackberries Seeds Recipe,Legendary,22001.0,0.0,0.0,False,,,,,,,,,,,,,,,,,,,,,,,,,
blackcavecricketitem,.meta,items\blackcavecricketitem.meta,Black Cave Cricket,Rare,11280.0,5.0,0.0,True,,,,,,,,,,,,,,,,,,,,,,,,,
blackcrystallampfurnitureitem,.meta,items\blackcrystallampfurnitureitem.meta,Black Crystal Lamp Furniture,Legendary,9500.0,0.0,0.0,False,,,,,,,,,,,,,,,,,,,,,,,,,
blackfireflyitem,.meta,items\blackfireflyitem.meta,Black Firefly,Legendary,10400.0,60.0,0.0,True,,,,,,,,,,,,,,,,,,,,,,,,,
blackladybugitem,.meta,items\blackladybugitem.meta,Black Ladybug,Rare,8700.0,4.0,0.0,True,,,,,,,,,,,,,,,,,,,,,,,,,
blackroseitem,.meta,items\blackroseitem.meta,Black Rose,Legendary,8200.0,20.0,0.0,True,,,,,,,,,,,,,,,,,,,,,,,,,
blueberriesfairitem,.meta,items\blueberriesfairitem.meta,Blueberries [Fair],Common,5000.0,4.0,0.0,True,200.0,,,,,,,1.0,,,,,,,,,,,,,,,,,
blueberriesgooditem,.meta,items\blueberriesgooditem.meta,Blueberries [Good],Common,5100.0,5.0,0.0,True,400.0,,,,,,,1.0,,,,,,,,,,,,,,,,,
blueberriespooritem,.meta,items\blueberriespooritem.meta,Blueberries [Poor],Common,4900.0,2.0,0.0,True,100.0,,,,,,,1.0,,,,,,,,,,,,,,,,,
blueberriesseedsitem,.meta,items\blueberriesseedsitem.meta,Blueberries Seeds,Common,81906.0,0.0,0.0,True,,,,,,,,,,,,,,,,,,,,,,,,,
blueberriesseedsrecipeitem,.meta,items\blueberriesseedsrecipeitem.meta,Blueberries Seeds Recipe,Legendary,22002.0,0.0,0.0,False,,,,,,,,,,,,,,,,,,,,,,,,,
bluejayitem,.meta,items\bluejayitem.meta,Bluejay,Legendary,2113.0,45.0,0.0,True,500.0,2.0,,,,,,,,,,,,,,,,,,,,,,,
blueladybugitem,.meta,items\blueladybugitem.meta,Blue Ladybug,Legendary,8800.0,60.0,0.0,True,,,,,,,,,,,,,,,,,,,,,,,,,
bouldergemsfurnitureitem,.meta,items\bouldergemsfurnitureitem.meta,Boulder Gems Furniture,Legendary,9500.0,0.0,0.0,False,,,,,,,,,,,,,,,,,,,,,,,,,
boulderplainfurnitureitem,.meta,items\boulderplainfurnitureitem.meta,Boulder Plain Furniture,Legendary,9500.0,0.0,0.0,False,,,,,,,,,,,,,,,,,,,,,,,,,
bouncycurioitem,.meta,items\bouncycurioitem.meta,Bouncy Curio,Rare,99914.0,12.0,0.0,True,,,,,,,,,,,,,,,,,,,,,,,,,
bowaccessoryitem,.meta,items\bowaccessoryitem.meta,Bow Accessory,Legendary,15600.0,0.0,0.0,False,,,,,,,,,,,,,,,,,,,,,,,,,
bowtieaccessoryitem,.meta,items\bowtieaccessoryitem.meta,Bowtie Accessory,Legendary,16900.0,0.0,0.0,False,,,,,,,,,,,,,,,,,,,,,,,,,
brightinsigniaitem,.meta,items\brightinsigniaitem.meta,Bright Insignia,Legendary,8061.0,25.0,0.0,True,,,,,,,,,100.0,,,,,,,,,,,,,,,,
brightinsigniarecipeitem,.meta,items\brightinsigniarecipeitem.meta,Bright Insignia Recipe,Legendary,22015.0,0.0,0.0,False,,,,,,,,,,,,,,,,,,,,,,,,,
brightstoneitem,.meta,items\brightstoneitem.meta,Brightstone,Legendary,13223.0,75.0,250.0,True,,,2.0,,,,,,,,,,,,,,,,,,,,,,
bronzestructurefurnitureitem,.meta,items\bronzestructurefurnitureitem.meta,Bronze Structure Furniture,Legendary,9500.0,0.0,0.0,False,,,,,,,,,,,,,,,,,,,,,,,,,
browncavecricketitem,.meta,items\browncavecricketitem.meta,Brown Cave Cricket,Common,11260.0,2.0,0.0,True,,,,,,,,,,,,,,,,,,,,,,,,,
brownhawkeritem,.meta,items\brownhawkeritem.meta,Brown Hawker,Uncommon,10600.0,2.0,0.0,True,,,,,,,,,,,,,,,,,,,,,,,,,
bubblewanditem,.meta,items\bubblewanditem.meta,Bubble Wand,Common,98904.0,4.0,0.0,True,,,,,,,,,,True,,,,,,,,,,,,,,,
butterflywingsaccessoryitem,.meta,items\butterflywingsaccessoryitem.meta,Butterfly Wings Accessory,Legendary,15700.0,0.0,0.0,False,,,,,,,,,,,,,,,,,,,,,,,,,
campfirefurnitureitem,.meta,items\campfirefurnitureitem.meta,Campfire Furniture,Legendary,9500.0,0.0,0.0,False,,,,,,,,,,,,,,,,,,,,,,,,,
captainhataccessoryitem,.meta,items\captainhataccessoryitem.meta,Captain Hat Accessory,Legendary,14700.0,0.0,0.0,False,,,,,,,,,,,,,,,,,,,,,,,,,
cardboardcurioitem,.meta,items\cardboardcurioitem.meta,Cardboard Curio,Rare,99925.0,12.0,0.0,True,,,,,,,,,,,,,,,,,,,,,,,,,
cardinalitem,.meta,items\cardinalitem.meta,Cardinal,Legendary,2108.0,48.0,0.0,True,500.0,2.0,,,,,,,,,,,,,,,,,,,,,,,
carpitem,.meta,items\carpitem.meta,Carp,Common,2900.0,9.0,0.0,True,100.0,1.0,,,,,,,,,,,,,,,,,,,,,,,
carvedpumpkinfurnitureitem,.meta,items\carvedpumpkinfurnitureitem.meta,Carved Pumpkin Furniture,Legendary,9500.0,0.0,0.0,False,,,,,,,,,,,,,,,,,,,,,,,,,
catnipfairitem,.meta,items\catnipfairitem.meta,Catnip [Fair],Rare,7400.0,18.0,0.0,True,,,,,,,,1.0,,,1800.0,,,,,,,,,,,,,,
catnipgooditem,.meta,items\catnipgooditem.meta,Catnip [Good],Rare,7500.0,28.0,0.0,True,,,,,,,,2.0,,,2700.0,,,,,,,,,,,,,,
catnippooritem,.meta,items\catnippooritem.meta,Catnip [Poor],Rare,7300.0,12.0,0.0,True,,,,,,,,1.0,,,1200.0,,,,,,,,,,,,,,
catnipseedsitem,.meta,items\catnipseedsitem.meta,Catnip Seeds,Common,81912.0,0.0,0.0,True,,,,,,,,,,,,,,,,,,,,,,,,,
catnipseedsrecipeitem,.meta,items\catnipseedsrecipeitem.meta,Catnip Seeds Recipe,Legendary,22011.0,0.0,0.0,False,,,,,,,,,,,,,,,,,,,,,,,,,
catplushfurnitureitem,.meta,items\catplushfurnitureitem.meta,Cat Plush Furniture,Legendary,9500.0,0.0,0.0,False,,,,,,,,,,,,,,,,,,,,,,,,,
celestiallampfurnitureitem,.meta,items\celestiallampfurnitureitem.meta,Celestial Lamp Furniture,Legendary,9500.0,0.0,0.0,False,,,,,,,,,,,,,,,,,,,,,,,,,
ceremonialcrownaccessoryitem,.meta,items\ceremonialcrownaccessoryitem.meta,Ceremonial Crown Accessory,Legendary,15100.0,0.0,0.0,False,,,,,,,,,,,,,,,,,,,,,,,,,
certificatefurnitureitem,.meta,items\certificatefurnitureitem.meta,Certificate Furniture,Legendary,9500.0,0.0,0.0,False,,,,,,,,,,,,,,,,,,,,,,,,,
championsauraaccessoryitem,.meta,items\championsauraaccessoryitem.meta,Champions Aura Accessory,Legendary,1399.0,0.0,0.0,False,,,,,,,,,,,,,,,,,,,,,,,,,
chromaticbatitem,.meta,items\chromaticbatitem.meta,Chromatic Bat,Rare,900.0,0.0,0.0,False,,,,,,,,,,,,,,,,,,,,,,,,,
clickycurioitem,.meta,items\clickycurioitem.meta,Clicky Curio,Rare,99931.0,12.0,0.0,True,,,,,,,,,,,,,,,,,,,,,,,,,
collaraccessoryitem,.meta,items\collaraccessoryitem.meta,Collar Accessory,Legendary,16700.0,0.0,0.0,False,,,,,,,,,,,,,,,,,,,,,,,,,
colorfulgravelfurnitureitem,.meta,items\colorfulgravelfurnitureitem.meta,Colorful Gravel Furniture,Legendary,9500.0,0.0,0.0,False,,,,,,,,,,,,,,,,,,,,,,,,,
concavecurioitem,.meta,items\concavecurioitem.meta,Concave Curio,Rare,99913.0,12.0,0.0,True,,,,,,,,,,,,,,,,,,,,,,,,,
conchitem,.meta,items\conchitem.meta,Conch,Legendary,11700.0,25.0,0.0,True,,,,,,,,,,,,2.0,,,,,,,,,,,,,
confettibagitem,.meta,items\confettibagitem.meta,Confetti Bag,Common,98902.0,4.0,0.0,True,,,,,,,,,,True,,,,,,,,,,,,,,,
coprinusitem,.meta,items\coprinusitem.meta,Coprinus,Rare,3800.0,12.0,0.0,True,,,,,,,,,,,,,True,,,,,,,,,,,,
coralitem,.meta,items\coralitem.meta,Coral,Common,11400.0,3.0,0.0,True,,,,,,,,,,,,,,,,,,,,,,,,,
corkblockfurnitureitem,.meta,items\corkblockfurnitureitem.meta,Cork Block Furniture,Legendary,9500.0,0.0,0.0,False,,,,,,,,,,,,,,,,,,,,,,,,,
corkcurioitem,.meta,items\corkcurioitem.meta,Cork Curio,Rare,99926.0,12.0,0.0,True,,,,,,,,,,,,,,,,,,,,,,,,,
crabitem,.meta,items\crabitem.meta,Crab,Common,11850.0,2.0,0.0,True,,,,,,,,,,,,,,,,,,,,,,,,,
creditsrecorditem,.meta,items\creditsrecorditem.meta,Credits Record,Legendary,19930.0,0.0,0.0,False,,,,,,,,,,,,,,,,,,,,,,,,,
crinklycurioitem,.meta,items\crinklycurioitem.meta,Crinkly Curio,Rare,99906.0,12.0,0.0,True,,,,,,,,,,,,,,,,,,,,,,,,,
crowitem,.meta,items\crowitem.meta,Crow,Rare,1900.0,14.0,0.0,True,300.0,1.0,,,,,,,,,,,,,,,,,,,,,,,
curiocompactorrecipeitem,.meta,items\curiocompactorrecipeitem.meta,Curio Compactor Recipe,Legendary,42909.0,0.0,0.0,False,,,,,,,,,,,,,,,,,,,,,,,,,
cutstonetilefurnitureitem,.meta,items\cutstonetilefurnitureitem.meta,Cut Stone Tile Furniture,Legendary,9500.0,0.0,0.0,False,,,,,,,,,,,,,,,,,,,,,,,,,
daisyitem,.meta,items\daisyitem.meta,Daisy,Uncommon,8000.0,4.0,0.0,True,,,,,,,,1.0,,,,,,480.0,,,,,,,,,,,
daisyseedsitem,.meta,items\daisyseedsitem.meta,Daisy Seeds,Common,81915.0,0.0,0.0,True,,,,,,,,,,,,,,,,,,,,,,,,,
daisyseedsrecipeitem,.meta,items\daisyseedsrecipeitem.meta,Daisy Seeds Recipe,Legendary,22014.0,0.0,0.0,False,,,,,,,,,,,,,,,,,,,,,,,,,
dancefloorfurnitureitem,.meta,items\dancefloorfurnitureitem.meta,Dance Floor Furniture,Legendary,9500.0,0.0,0.0,False,,,,,,,,,,,,,,,,,,,,,,,,,
darkcandleitem,.meta,items\darkcandleitem.meta,Darkcandle,Common,924.0,0.0,0.0,False,,,,,,,,,,,,,,,,,,,,,,,,,
darkruinsrecorditem,.meta,items\darkruinsrecorditem.meta,Dark Ruins Record,Legendary,19930.0,0.0,0.0,False,,,,,,,,,,,,,,,,,,,,,,,,,
diamonditem,.meta,items\diamonditem.meta,Diamond,Legendary,13200.0,40.0,100.0,True,,,1.0,,,,,,,,,,,,,,,,,,,,,,
doveitem,.meta,items\doveitem.meta,Dove,Rare,2000.0,16.0,0.0,True,300.0,1.0,,,,,,,,,,,,,,,,,,,,,,,
dragonwingsaccessoryitem,.meta,items\dragonwingsaccessoryitem.meta,Dragon Wings Accessory,Legendary,15800.0,0.0,0.0,False,,,,,,,,,,,,,,,,,,,,,,,,,
driedrootsitem,.meta,items\driedrootsitem.meta,Dried Roots,Uncommon,12108.0,15.0,0.0,True,,,,,,,,,,,,,,,1.0,,,,,,,,,,
driedrootsrecipeitem,.meta,items\driedrootsrecipeitem.meta,Dried Roots Recipe,Legendary,43109.0,0.0,0.0,False,,,,,,,,,,,,,,,,,,,,,,,,,
dryingplantsbundleitem,.meta,items\dryingplantsbundleitem.meta,Drying Plants Bundle,Legendary,9520.0,0.0,0.0,False,,,,,,,,,,,,,,,,"['DryingLeaves', 'DryingFlowers', 'DryingHerbs', 'DryingWeeds']",,,,,,,,,
dynamiteitem,.meta,items\dynamiteitem.meta,Dynamite,Rare,8054.0,5.0,0.0,True,,,,,,,,,,,,,,,,,True,,,,,,,,
dynamiterecipeitem,.meta,items\dynamiterecipeitem.meta,Dynamite Recipe,Legendary,22015.0,0.0,0.0,False,,,,,,,,,,,,,,,,,,,,,,,,,
elixirofhealingitem,.meta,items\elixirofhealingitem.meta,Elixir of Healing,Rare,5149.0,32.0,0.0,True,,,,,,,,,,,,,True,,,,,9.0,,,,,,,
elixirofhealingrecipeitem,.meta,items\elixirofhealingrecipeitem.meta,Elixir of Healing Recipe,Legendary,42007.0,0.0,0.0,False,,,,,,,,,,,,,,,,,,,,,,,,,
emeralditem,.meta,items\emeralditem.meta,Emerald,Rare,13000.0,5.0,14.0,True,,,,,,,,,,,,,,,,,,,,,,,,,
erminemothitem,.meta,items\erminemothitem.meta,Ermine Moth,Uncommon,9400.0,2.0,0.0,True,,,,,,,,,,,,,,,,,,,,,,,,,
eyepatchaccessoryitem,.meta,items\eyepatchaccessoryitem.meta,Eyepatch Accessory,Legendary,16400.0,0.0,0.0,False,,,,,,,,,,,,,,,,,,,,,,,,,
facescaraccessoryitem,.meta,items\facescaraccessoryitem.meta,Face Scar Accessory,Legendary,17100.0,0.0,0.0,False,,,,,,,,,,,,,,,,,,,,,,,,,
fancyrugfurnitureitem,.meta,items\fancyrugfurnitureitem.meta,Fancy Rug Furniture,Legendary,9500.0,0.0,0.0,False,,,,,,,,,,,,,,,,,,,,,,,,,
farsightedorbitem,.meta,items\farsightedorbitem.meta,Farsighted Orb,Rare,8052.0,6.0,0.0,True,,,,,,,,,,,,,,,,,,,True,,,,,,
farsightedorbrecipeitem,.meta,items\farsightedorbrecipeitem.meta,Farsighted Orb Recipe,Legendary,22015.0,0.0,0.0,False,,,,,,,,,,,,,,,,,,,,,,,,,
festivecurioitem,.meta,items\festivecurioitem.meta,Festive Curio,Rare,99921.0,12.0,0.0,True,,,,,,,,,,,,,,,,,,,,,,,,,
finchitem,.meta,items\finchitem.meta,Finch,Rare,1800.0,12.0,0.0,True,300.0,1.0,,,,,,,,,,,,,,,,,,,,,,,
flexiblecurioitem,.meta,items\flexiblecurioitem.meta,Flexible Curio,Rare,99929.0,12.0,0.0,True,,,,,,,,,,,,,,,,,,,,,,,,,
flowervasefurnitureitem,.meta,items\flowervasefurnitureitem.meta,Flower Vase Furniture,Legendary,9500.0,0.0,0.0,False,,,,,,,,,,,,,,,,,,,,,,,,,
foldedblanketfurnitureitem,.meta,items\foldedblanketfurnitureitem.meta,Folded Blanket Furniture,Legendary,9500.0,0.0,0.0,False,,,,,,,,,,,,,,,,,,,,,,,,,
formalcurioitem,.meta,items\formalcurioitem.meta,Formal Curio,Rare,99930.0,12.0,0.0,True,,,,,,,,,,,,,,,,,,,,,,,,,
foxglovefairitem,.meta,items\foxglovefairitem.meta,Foxglove [Fair],Legendary,7100.0,12.0,0.0,True,,,,,1800.0,,,1.0,,,,,,,,,,,,,,,,,
foxglovegooditem,.meta,items\foxglovegooditem.meta,Foxglove [Good],Legendary,7200.0,15.0,0.0,True,,,,,2400.0,,,2.0,,,,,,,,,,,,,,,,,
foxglovepooritem,.meta,items\foxglovepooritem.meta,Foxglove [Poor],Legendary,7000.0,8.0,0.0,True,,,,,1200.0,,,1.0,,,,,,,,,,,,,,,,,
foxgloveseedsitem,.meta,items\foxgloveseedsitem.meta,Foxglove Seeds,Common,81911.0,0.0,0.0,True,,,,,,,,,,,,,,,,,,,,,,,,,
foxgloveseedsrecipeitem,.meta,items\foxgloveseedsrecipeitem.meta,Foxglove Seeds Recipe,Legendary,22010.0,0.0,0.0,False,,,,,,,,,,,,,,,,,,,,,,,,,
frogitem,.meta,items\frogitem.meta,Frog,Common,2200.0,5.0,0.0,True,200.0,1.0,,,,,,,,,,,,,,,,,,,,,,,
fuzzycurioitem,.meta,items\fuzzycurioitem.meta,Fuzzy Curio,Rare,99928.0,12.0,0.0,True,,,,,,,,,,,,,,,,,,,,,,,,,
gardenupgradeiiitem,.meta,items\gardenupgradeiiitem.meta,Garden Upgrade II,Legendary,17834.0,0.0,0.0,False,,,,,,,,,,,,,,,,,,,,,,,,,
gardenupgradeiitem,.meta,items\gardenupgradeiitem.meta,Garden Upgrade I,Legendary,17833.0,0.0,0.0,False,,,,,,,,,,,,,,,,,,,,,,,,,
ghostbeetleitem,.meta,items\ghostbeetleitem.meta,Ghost Beetle,Legendary,11200.0,60.0,0.0,True,,,,,,,,,,,,,,,,,,,,,,,,,
ghostitem,.meta,items\ghostitem.meta,Ghost,Rare,900.0,0.0,0.0,False,,,,,,,,,,,,,,,,,,,,,,,,,
giftboxitem,.meta,items\giftboxitem.meta,Gift Box,Uncommon,8052.0,4.0,0.0,True,,,,,,,,,,,,,,,,,,,,,,,,,
gloomsharditem,.meta,items\gloomsharditem.meta,Gloomshard,Common,12623.0,3.0,10.0,True,,,,,,,,,,,,,,,,,,,,,,,,,
gloweritem,.meta,items\gloweritem.meta,Glower,Common,931.0,0.0,0.0,False,,,,,,,,,,,,,,,,,,,,,,,,,
glowingmushroomsfurnitureitem,.meta,items\glowingmushroomsfurnitureitem.meta,Glowing Mushrooms Furniture,Legendary,9500.0,0.0,0.0,False,,,,,,,,,,,,,,,,,,,,,,,,,
glowpotionitem,.meta,items\glowpotionitem.meta,Glow Potion,Common,98903.0,4.0,0.0,True,,,,,,,,,,True,,,,,,,,,,,,,,,
goldcavecricketitem,.meta,items\goldcavecricketitem.meta,Gold Cave Cricket,Legendary,11290.0,50.0,0.0,True,,,,,,,,,,,,,,,,,,,,,,,,,
goldcrownaccessoryitem,.meta,items\goldcrownaccessoryitem.meta,Gold Crown Accessory,Legendary,14900.0,0.0,0.0,False,,,,,,,,,,,,,,,,,,,,,,,,,
goldensealfairitem,.meta,items\goldensealfairitem.meta,Goldenseal [Fair],Common,5300.0,4.0,0.0,True,,,,,,,,1.0,,,,,,,,,,2.0,,,,,,,
goldensealgooditem,.meta,items\goldensealgooditem.meta,Goldenseal [Good],Common,5400.0,6.0,0.0,True,,,,,,,,1.0,,,,,,,,,,3.0,,,,,,,
goldensealpooritem,.meta,items\goldensealpooritem.meta,Goldenseal [Poor],Common,5200.0,2.0,0.0,True,,,,,,,,1.0,,,,,,,,,,1.0,,,,,,,
goldensealseedsitem,.meta,items\goldensealseedsitem.meta,Goldenseal Seeds,Common,81901.0,0.0,0.0,True,,,,,,,,,,,,,,,,,,,,,,,,,
goldensealseedsrecipeitem,.meta,items\goldensealseedsrecipeitem.meta,Goldenseal Seeds Recipe,Legendary,22005.0,0.0,0.0,False,,,,,,,,,,,,,,,,,,,,,,,,,
goldfishbowlfurnitureitem,.meta,items\goldfishbowlfurnitureitem.meta,Goldfish Bowl Furniture,Legendary,9500.0,0.0,0.0,False,,,,,,,,,,,,,,,,,,,,,,,,,
goldoreitem,.meta,items\goldoreitem.meta,Gold Ore,Common,12400.0,3.0,4.0,True,,,,,,,,,,,,,,,,,,,,,,,,,
granitecrabitem,.meta,items\granitecrabitem.meta,Granite Crab,Uncommon,11850.0,0.0,0.0,True,,,,,,,,,,,,,,,,,,,,,,,,,
graniteitem,.meta,items\graniteitem.meta,Granite,Common,12118.0,1.0,2.0,True,,,,,,,,,,,,,,,,,,,,,,,,,
greedypawaccessoryitem,.meta,items\greedypawaccessoryitem.meta,Greedy Paw Accessory,Legendary,17685.0,0.0,0.0,False,,,,,,,,,,,,,,,,,,,,,,,,,
greenfireflyitem,.meta,items\greenfireflyitem.meta,Green Firefly,Rare,10300.0,4.0,0.0,True,,,,,,,,,,,,,,,,,,,,,,,,,
greenscarfaccessoryitem,.meta,items\greenscarfaccessoryitem.meta,Green Scarf Accessory,Legendary,16800.0,0.0,0.0,False,,,,,,,,,,,,,,,,,,,,,,,,,
greybeakyaccessoryitem,.meta,items\greybeakyaccessoryitem.meta,Grey Beaky Accessory,Legendary,16100.0,0.0,0.0,False,,,,,,,,,,,,,,,,,,,,,,,,,
groovylampfurnitureitem,.meta,items\groovylampfurnitureitem.meta,Groovy Lamp Furniture,Legendary,9500.0,0.0,0.0,False,,,,,,,,,,,,,,,,,,,,,,,,,
grossitems,.meta,items\grossitems.meta,,,,,,,,,,,,,,,,,,,,,,,,,,"['Bat', 'Rat', 'Snake', 'Adder', 'Lizard']",,,,,
haloaccessoryitem,.meta,items\haloaccessoryitem.meta,Halo Accessory,Legendary,14500.0,0.0,0.0,False,,,,,,,,,,,,,,,,,,,,,,,,,
hardcurioitem,.meta,items\hardcurioitem.meta,Hard Curio,Rare,99905.0,12.0,0.0,True,,,,,,,,,,,,,,,,,,,,,,,,,
hareitem,.meta,items\hareitem.meta,Hare,Rare,600.0,12.0,0.0,True,400.0,2.0,,,,,,,,,,,,,,,,,,,,,,,
headlampaccessoryitem,.meta,items\headlampaccessoryitem.meta,Headlamp Accessory,Legendary,13094.0,0.0,0.0,False,,,,,,,,,,,,,,,,,,,,,,,,,
headlampupgradeiiiitem,.meta,items\headlampupgradeiiiitem.meta,Headlamp Upgrade III,Legendary,17830.0,0.0,0.0,False,,,,,,,,,,,,,,,,,,,,,,,,,
headlampupgradeiiitem,.meta,items\headlampupgradeiiitem.meta,Headlamp Upgrade II,Legendary,17820.0,0.0,0.0,False,,,,,,,,,,,,,,,,,,,,,,,,,
headlampupgradeiitem,.meta,items\headlampupgradeiitem.meta,Headlamp Upgrade I,Legendary,17810.0,0.0,0.0,False,,,,,,,,,,,,,,,,,,,,,,,,,
headlampupgraderecipeitem,.meta,items\headlampupgraderecipeitem.meta,Headlamp Upgrade Recipe,Legendary,23062.0,0.0,0.0,False,,,,,,,,,,,,,,,,,,,,,,,,,
heavycurioitem,.meta,items\heavycurioitem.meta,Heavy Curio,Rare,99927.0,12.0,0.0,True,,,,,,,,,,,,,,,,,,,,,,,,,
herbalistworkbenchfurnitureitem,.meta,items\herbalistworkbenchfurnitureitem.meta,Herbalist Workbench Furniture,Legendary,9507.0,0.0,0.0,False,,,,,,,,,,,,,,,,,,,,,,,,,
hermitbeetleitem,.meta,items\hermitbeetleitem.meta,Hermit Beetle,Common,10900.0,1.0,0.0,True,,,,,,,,,,,,,,,,,,,,,,,,,
honeycombitem,.meta,items\honeycombitem.meta,Honeycomb,Rare,8400.0,22.0,0.0,True,,,,,,,7200.0,,,,,,,,,,,,,,,,,,
hornsaccessoryitem,.meta,items\hornsaccessoryitem.meta,Horns Accessory,Legendary,15300.0,0.0,0.0,False,,,,,,,,,,,,,,,,,,,,,,,,,
inkycurioitem,.meta,items\inkycurioitem.meta,Inky Curio,Rare,99918.0,12.0,0.0,True,,,,,,,,,,,,,,,,,,,,,,,,,
inventoryupgradeiiiitem,.meta,items\inventoryupgradeiiiitem.meta,Inventory Upgrade III,Legendary,17900.0,0.0,0.0,False,,,,,,,,,,,,,,,,,,,,,,,,,
inventoryupgradeiiitem,.meta,items\inventoryupgradeiiitem.meta,Inventory Upgrade II,Legendary,17800.0,0.0,0.0,False,,,,,,,,,,,,,,,,,,,,,,,,,
inventoryupgradeiitem,.meta,items\inventoryupgradeiitem.meta,Inventory Upgrade I,Legendary,17700.0,0.0,0.0,False,,,,,,,,,,,,,,,,,,,,,,,,,
ironoreitem,.meta,items\ironoreitem.meta,Iron Ore,Common,12200.0,1.0,2.0,True,,,,,,,,,,,,,,,,,,,,,,,,,
jarofleechesfurnitureitem,.meta,items\jarofleechesfurnitureitem.meta,Jar Of Leeches Furniture,Legendary,9500.0,0.0,0.0,False,,,,,,,,,,,,,,,,,,,,,,,,,
jinglycurioitem,.meta,items\jinglycurioitem.meta,Jingly Curio,Rare,99922.0,12.0,0.0,True,,,,,,,,,,,,,,,,,,,,,,,,,
knittedsweateraccessoryitem,.meta,items\knittedsweateraccessoryitem.meta,Knitted Sweater Accessory,Legendary,17300.0,0.0,0.0,False,,,,,,,,,,,,,,,,,,,,,,,,,
lavenderfairitem,.meta,items\lavenderfairitem.meta,Lavender [Fair],Uncommon,7700.0,6.0,0.0,True,,,,,,,,1.0,15.0,,,,,,,,,,,,,,,,
lavendergooditem,.meta,items\lavendergooditem.meta,Lavender [Good],Uncommon,7800.0,8.0,0.0,True,,,,,,,,1.0,20.0,,,,,,,,,,,,,,,,
lavenderpooritem,.meta,items\lavenderpooritem.meta,Lavender [Poor],Uncommon,7600.0,4.0,0.0,True,,,,,,,,1.0,10.0,,,,,,,,,,,,,,,,
lavenderseedsitem,.meta,items\lavenderseedsitem.meta,Lavender Seeds,Common,81913.0,0.0,0.0,True,,,,,,,,,,,,,,,,,,,,,,,,,
lavenderseedsrecipeitem,.meta,items\lavenderseedsrecipeitem.meta,Lavender Seeds Recipe,Legendary,22012.0,0.0,0.0,False,,,,,,,,,,,,,,,,,,,,,,,,,
licoricefairitem,.meta,items\licoricefairitem.meta,Licorice [Fair],Common,4100.0,3.0,0.0,True,200.0,,,,,,,1.0,,,,,,,,,,,,,,,,,
licoricegooditem,.meta,items\licoricegooditem.meta,Licorice [Good],Common,4200.0,4.0,0.0,True,300.0,,,,,,,1.0,,,,,,,,,,,,,,,,,
licoricepooritem,.meta,items\licoricepooritem.meta,Licorice [Poor],Common,4000.0,2.0,0.0,True,100.0,,,,,,,1.0,,,,,,,,,,,,,,,,,
licoriceseedsitem,.meta,items\licoriceseedsitem.meta,Licorice Seeds,Common,81903.0,0.0,0.0,True,,,,,,,,,,,,,,,,,,,,,,,,,
licoriceseedsrecipeitem,.meta,items\licoriceseedsrecipeitem.meta,Licorice Seeds Recipe,Legendary,22006.0,0.0,0.0,False,,,,,,,,,,,,,,,,,,,,,,,,,
litterboxfurnitureitem,.meta,items\litterboxfurnitureitem.meta,Litter Box Furniture,Legendary,9500.0,0.0,0.0,False,,,,,,,,,,,,,,,,,,,,,,,,,
lizarditem,.meta,items\lizarditem.meta,Lizard,Uncommon,2300.0,8.0,0.0,True,200.0,1.0,,,,,,,,,,,,,,,,,,,,,,,
longcurioitem,.meta,items\longcurioitem.meta,Long Curio,Rare,99903.0,12.0,0.0,True,,,,,,,,,,,,,,,,,,,,,,,,,
lunarbutterflyitem,.meta,items\lunarbutterflyitem.meta,Lunar Butterfly,Legendary,10000.0,60.0,0.0,True,,,,,,,,,,,,,,,,,,,,,,,,,
lurkeritem,.meta,items\lurkeritem.meta,Lurker,Rare,900.0,0.0,0.0,False,,,,,,,,,,,,,,,,,,,,,,,,,
mackerelitem,.meta,items\mackerelitem.meta,Mackerel,Uncommon,3086.0,16.0,0.0,True,100.0,1.0,,,,,,,,,,,,,,,,,,,,,,,
magichataccessoryitem,.meta,items\magichataccessoryitem.meta,Magic Hat Accessory,Legendary,14600.0,0.0,0.0,False,,,,,,,,,,,,,,,,,,,,,,,,,
magnetupgradeiiiitem,.meta,items\magnetupgradeiiiitem.meta,Magnet Upgrade III,Legendary,17810.0,0.0,0.0,False,,,,,,,,,,,,,,,,,,,,,,,,,
magnetupgradeiiitem,.meta,items\magnetupgradeiiitem.meta,Magnet Upgrade II,Legendary,17810.0,0.0,0.0,False,,,,,,,,,,,,,,,,,,,,,,,,,
magnetupgradeiitem,.meta,items\magnetupgradeiitem.meta,Magnet Upgrade I,Legendary,17810.0,0.0,0.0,False,,,,,,,,,,,,,,,,,,,,,,,,,
magnetupgraderecipeitem,.meta,items\magnetupgraderecipeitem.meta,Magnet Upgrade Recipe,Legendary,23062.0,0.0,0.0,False,,,,,,,,,,,,,,,,,,,,,,,,,
magpieitem,.meta,items\magpieitem.meta,Magpie,Common,1300.0,7.0,0.0,True,100.0,1.0,,,,,,,,,,,,,,,,,,,,,,,
malachiteitem,.meta,items\malachiteitem.meta,Malachite,Rare,13018.0,7.0,32.0,True,,,,,,,,,,,,,,,,,,,,,,,,,
marbletilefurnitureitem,.meta,items\marbletilefurnitureitem.meta,Marble Tile Furniture,Legendary,9500.0,0.0,0.0,False,,,,,,,,,,,,,,,,,,,,,,,,,
marigoldfairitem,.meta,items\marigoldfairitem.meta,Marigold [Fair],Uncommon,5600.0,5.0,0.0,True,,,,,,,,1.0,,,,,True,,,,,0.5,,,,,,,
marigoldgooditem,.meta,items\marigoldgooditem.meta,Marigold [Good],Uncommon,5700.0,7.0,0.0,True,,,,,,,,1.0,,,,,True,,,,,1.0,,,,,,,
marigoldpooritem,.meta,items\marigoldpooritem.meta,Marigold [Poor],Uncommon,5500.0,3.0,0.0,True,,,,,,,,1.0,,,,,True,,,,,,,,,,,,
marigoldseedsitem,.meta,items\marigoldseedsitem.meta,Marigold Seeds,Common,81907.0,0.0,0.0,True,,,,,,,,,,,,,,,,,,,,,,,,,
marigoldseedsrecipeitem,.meta,items\marigoldseedsrecipeitem.meta,Marigold Seeds Recipe,Legendary,22004.0,0.0,0.0,False,,,,,,,,,,,,,,,,,,,,,,,,,
markedcurioitem,.meta,items\markedcurioitem.meta,Marked Curio,Rare,99911.0,12.0,0.0,True,,,,,,,,,,,,,,,,,,,,,,,,,
masonrykititem,.meta,items\masonrykititem.meta,Masonry Kit,Common,18292.0,5.0,0.0,True,,,,,,,,,,,,,,,,,,,,,,,,,
masonrykitrecipeitem,.meta,items\masonrykitrecipeitem.meta,Masonry Kit Recipe,Legendary,23062.0,0.0,0.0,False,,,,,,,,,,,,,,,,,,,,,,,,,
metalcurioitem,.meta,items\metalcurioitem.meta,Metal Curio,Rare,99902.0,12.0,0.0,True,,,,,,,,,,,,,,,,,,,,,,,,,
minnowitem,.meta,items\minnowitem.meta,Minnow,Rare,3300.0,12.0,0.0,True,100.0,1.0,,,,,,,,,,,,,,,,,,,,,,,
molefurnacefurnitureitem,.meta,items\molefurnacefurnitureitem.meta,Mole Furnace Furniture,Legendary,9500.0,0.0,0.0,False,,,,,,,,,,,,,,,,,,,,,,,,,
morelitem,.meta,items\morelitem.meta,Morel,Uncommon,3700.0,10.0,0.0,True,,,,,,,,,,,,,,,,,,2.5,,,,,,,
mouseitem,.meta,items\mouseitem.meta,Mouse,Common,100.0,7.0,0.0,True,200.0,1.0,,,,,,,,,,,,,,,,,,,,,,,
mugfurnitureitem,.meta,items\mugfurnitureitem.meta,Mug Furniture,Legendary,9500.0,0.0,0.0,False,,,,,,,,,,,,,,,,,,,,,,,,,
murkitem,.meta,items\murkitem.meta,Murk,Uncommon,932.0,0.0,0.0,False,,,,,,,,,,,,,,,,,,,,,,,,,
mushroombundleitem,.meta,items\mushroombundleitem.meta,Mushroom Bundle,Legendary,9510.0,0.0,0.0,False,,,,,,,,,,,,,,,,"['MushroomShelves', 'MushroomStoolRed', 'MushroomStoolGreen', 'MushroomStoolBlue', 'MushroomTable']",,,,,,,,,
mushroomsaladitem,.meta,items\mushroomsaladitem.meta,Mushroom Salad,Rare,3425.0,28.0,0.0,True,500.0,,,,,,,,,,,,,,,,,3.0,,,,,,,
mushroomsaladrecipeitem,.meta,items\mushroomsaladrecipeitem.meta,Mushroom Salad Recipe,Legendary,42008.0,0.0,0.0,False,,,,,,,,,,,,,,,,,,,,,,,,,
mysteryseedsitem,.meta,items\mysteryseedsitem.meta,Mystery Seeds,Common,81936.0,0.0,0.0,True,,,,,,,,,,,,,,,,,,,,,,,,,
mysteryseedsrecipeitem,.meta,items\mysteryseedsrecipeitem.meta,Mystery Seeds Recipe,Legendary,22016.0,0.0,0.0,False,,,,,,,,,,,,,,,,,,,,,,,,,
naturalstonetilefurnitureitem,.meta,items\naturalstonetilefurnitureitem.meta,Natural Stone Tile Furniture,Legendary,9500.0,0.0,0.0,False,,,,,,,,,,,,,,,,,,,,,,,,,
northernemeralditem,.meta,items\northernemeralditem.meta,Northern Emerald,Legendary,10800.0,60.0,0.0,True,,,,,,,,,,,,,,,,,,,,,,,,,
paintedbutterflyitem,.meta,items\paintedbutterflyitem.meta,Painted Butterfly,Common,9700.0,1.0,0.0,True,,,,,,,,,,,,,,,,,,,,,,,,,
peppermintfairitem,.meta,items\peppermintfairitem.meta,Peppermint [Fair],Uncommon,6200.0,5.0,0.0,True,,,,,,,,1.0,,,,,,,,,,,,,2700.0,,,,
peppermintgooditem,.meta,items\peppermintgooditem.meta,Peppermint [Good],Uncommon,6300.0,7.0,0.0,True,,,,,,,,1.0,,,,,,,,,,,,,3600.0,,,,
peppermintpooritem,.meta,items\peppermintpooritem.meta,Peppermint [Poor],Uncommon,6100.0,3.0,0.0,True,,,,,,,,1.0,,,,,,,,,,,,,1800.0,,,,
peppermintseedsitem,.meta,items\peppermintseedsitem.meta,Peppermint Seeds,Common,81908.0,0.0,0.0,True,,,,,,,,,,,,,,,,,,,,,,,,,
peppermintseedsrecipeitem,.meta,items\peppermintseedsrecipeitem.meta,Peppermint Seeds Recipe,Legendary,22007.0,0.0,0.0,False,,,,,,,,,,,,,,,,,,,,,,,,,
petbataccessoryitem,.meta,items\petbataccessoryitem.meta,Pet Bat Accessory,Legendary,14300.0,0.0,0.0,False,,,,,,,,,,,,,,,,,,,,,,,,,
petbeeaccessoryitem,.meta,items\petbeeaccessoryitem.meta,Pet Bee Accessory,Legendary,13900.0,0.0,0.0,False,,,,,,,,,,,,,,,,,,,,,,,,,
petbeetleaccessoryitem,.meta,items\petbeetleaccessoryitem.meta,Pet Beetle Accessory,Legendary,13600.0,0.0,0.0,False,,,,,,,,,,,,,,,,,,,,,,,,,
petbutterflyaccessoryitem,.meta,items\petbutterflyaccessoryitem.meta,Pet Butterfly Accessory,Legendary,13700.0,0.0,0.0,False,,,,,,,,,,,,,,,,,,,,,,,,,
petcrabaccessoryitem,.meta,items\petcrabaccessoryitem.meta,Pet Crab Accessory,Legendary,14022.0,0.0,0.0,False,,,,,,,,,,,,,,,,,,,,,,,,,
petdragonflyaccessoryitem,.meta,items\petdragonflyaccessoryitem.meta,Pet Dragonfly Accessory,Legendary,13800.0,0.0,0.0,False,,,,,,,,,,,,,,,,,,,,,,,,,
petfireflyaccessoryitem,.meta,items\petfireflyaccessoryitem.meta,Pet Firefly Accessory,Legendary,13300.0,0.0,0.0,False,,,,,,,,,,,,,,,,,,,,,,,,,
petghostaccessoryitem,.meta,items\petghostaccessoryitem.meta,Pet Ghost Accessory,Legendary,14400.0,0.0,0.0,False,,,,,,,,,,,,,,,,,,,,,,,,,
petladybugaccessoryitem,.meta,items\petladybugaccessoryitem.meta,Pet Ladybug Accessory,Legendary,13400.0,0.0,0.0,False,,,,,,,,,,,,,,,,,,,,,,,,,
petmolbertaccessoryitem,.meta,items\petmolbertaccessoryitem.meta,Pet Molbert Accessory,Legendary,13289.0,0.0,0.0,False,,,,,,,,,,,,,,,,,,,,,,,,,
petmothaccessoryitem,.meta,items\petmothaccessoryitem.meta,Pet Moth Accessory,Legendary,13500.0,0.0,0.0,False,,,,,,,,,,,,,,,,,,,,,,,,,
petrainbowfireflyaccessoryitem,.meta,items\petrainbowfireflyaccessoryitem.meta,Pet Rainbow Firefly Accessory,Legendary,13281.0,0.0,0.0,False,,,,,,,,,,,,,,,,,,,,,,,,,
petrataccessoryitem,.meta,items\petrataccessoryitem.meta,Pet Rat Accessory,Legendary,14339.0,0.0,0.0,False,,,,,,,,,,,,,,,,,,,,,,,,,
petrockdebrisaccessoryitem,.meta,items\petrockdebrisaccessoryitem.meta,Pet Rock Debris Accessory,Legendary,13390.0,0.0,0.0,False,,,,,,,,,,,,,,,,,,,,,,,,,
petspideraccessoryitem,.meta,items\petspideraccessoryitem.meta,Pet Spider Accessory,Legendary,14000.0,0.0,0.0,False,,,,,,,,,,,,,,,,,,,,,,,,,
petturtleaccessoryitem,.meta,items\petturtleaccessoryitem.meta,Pet Turtle Accessory,Legendary,14200.0,0.0,0.0,False,,,,,,,,,,,,,,,,,,,,,,,,,
petwolfspideraccessoryitem,.meta,items\petwolfspideraccessoryitem.meta,Pet Wolf Spider Accessory,Legendary,14100.0,0.0,0.0,False,,,,,,,,,,,,,,,,,,,,,,,,,
pickaxefurnitureitem,.meta,items\pickaxefurnitureitem.meta,Pickaxe Furniture,Legendary,9500.0,0.0,0.0,False,,,,,,,,,,,,,,,,,,,,,,,,,
pigeonitem,.meta,items\pigeonitem.meta,Pigeon,Uncommon,1600.0,9.0,0.0,True,200.0,1.0,,,,,,,,,,,,,,,,,,,,,,,
pikeitem,.meta,items\pikeitem.meta,Pike,Rare,3200.0,16.0,0.0,True,400.0,2.0,,,,,,,,,,,,,,,,,,,,,,,
pitlodeitem,.meta,items\pitlodeitem.meta,Pitlode,Uncommon,12627.0,4.0,15.0,True,,,,,,,,,,,,,,,,,,,,,,,,,
plantfooditem,.meta,items\plantfooditem.meta,Plant Food,Common,81899.0,0.0,0.0,True,,,,,,,,,,,,,,,,,,,,,,,,,
plantfoodrecipeitem,.meta,items\plantfoodrecipeitem.meta,Plant Food Recipe,Legendary,22081.0,0.0,0.0,False,,,,,,,,,,,,,,,,,,,,,,,,,
plasticcurioitem,.meta,items\plasticcurioitem.meta,Plastic Curio,Rare,99923.0,12.0,0.0,True,,,,,,,,,,,,,,,,,,,,,,,,,
platinumoreitem,.meta,items\platinumoreitem.meta,Platinum Ore,Common,12418.0,2.0,5.0,True,,,,,,,,,,,,,,,,,,,,,,,,,
plushrugfurnitureitem,.meta,items\plushrugfurnitureitem.meta,Plush Rug Furniture,Legendary,9500.0,0.0,0.0,False,,,,,,,,,,,,,,,,,,,,,,,,,
pointycurioitem,.meta,items\pointycurioitem.meta,Pointy Curio,Rare,99917.0,12.0,0.0,True,,,,,,,,,,,,,,,,,,,,,,,,,
polishedstoneitem,.meta,items\polishedstoneitem.meta,Polished Stone,Uncommon,12104.0,12.0,0.0,True,,,,,,,,,,,,,,,,,,,,,,1.0,,,
polishedstonerecipeitem,.meta,items\polishedstonerecipeitem.meta,Polished Stone Recipe,Legendary,43108.0,0.0,0.0,False,,,,,,,,,,,,,,,,,,,,,,,,,
portobelloitem,.meta,items\portobelloitem.meta,Portobello,Uncommon,3600.0,10.0,0.0,True,300.0,,,,,,,,,,,,,,,,,,,,,,,,
pouffurnitureitem,.meta,items\pouffurnitureitem.meta,Pouf Furniture,Legendary,9500.0,0.0,0.0,False,,,,,,,,,,,,,,,,,,,,,,,,,
powerpawblueitem,.meta,items\powerpawblueitem.meta,Power Paw Blue,Legendary,0.0,0.0,0.0,False,,,,,,,,,,,,,,,,,,,,,,,,,
powerpawgreenitem,.meta,items\powerpawgreenitem.meta,Power Paw Green,Legendary,0.0,0.0,0.0,False,,,,,,,,,,,,,,,,,,,,,,,,,
powerpawpurpleitem,.meta,items\powerpawpurpleitem.meta,Power Paw Purple,Legendary,0.0,0.0,0.0,False,,,,,,,,,,,,,,,,,,,,,,,,,
powerpawrainbowitem,.meta,items\powerpawrainbowitem.meta,Power Paw Rainbow,Legendary,0.0,0.0,0.0,False,,,,,,,,,,,,,,,,,,,,,,,,,
powerpawreditem,.meta,items\powerpawreditem.meta,Power Paw Red,Legendary,0.0,0.0,0.0,False,,,,,,,,,,,,,,,,,,,,,,,,,
powerpawyellowitem,.meta,items\powerpawyellowitem.meta,Power Paw Yellow,Legendary,0.0,0.0,0.0,False,,,,,,,,,,,,,,,,,,,,,,,,,
prowleritem,.meta,items\prowleritem.meta,Prowler,Common,87138.0,1.0,0.0,True,,,,,,,,,,,,,,,,,,,,,,,,,
quartzitem,.meta,items\quartzitem.meta,Quartz,Uncommon,12500.0,2.0,5.0,True,,,,,,,,,,,,,,,,,,,,,,,,,
queenofthenightitem,.meta,items\queenofthenightitem.meta,Queen of the Night,Rare,7900.0,16.0,0.0,True,,,,,,,,2.0,,,,,,,,,,,,,,,,,
queenofthenightseedsitem,.meta,items\queenofthenightseedsitem.meta,Queen of the Night Seeds,Common,81914.0,0.0,0.0,True,,,,,,,,,,,,,,,,,,,,,,,,,
queenofthenightseedsrecipeitem,.meta,items\queenofthenightseedsrecipeitem.meta,Queen of the Night Seeds Recipe,Legendary,22013.0,0.0,0.0,False,,,,,,,,,,,,,,,,,,,,,,,,,
rabbititem,.meta,items\rabbititem.meta,Rabbit,Uncommon,500.0,10.0,0.0,True,300.0,1.0,,,,,,,,,,,,,,,,,,,,,,,
raspberriesfairitem,.meta,items\raspberriesfairitem.meta,Raspberries [Fair],Common,4400.0,4.0,0.0,True,200.0,,,,,,,1.0,,,,,,,,,,,,,,,,,
raspberriesgooditem,.meta,items\raspberriesgooditem.meta,Raspberries [Good],Common,4500.0,6.0,0.0,True,300.0,,,,,,,1.0,,,,,,,,,,,,,,,,,
raspberriespooritem,.meta,items\raspberriespooritem.meta,Raspberries [Poor],Common,4300.0,2.0,0.0,True,100.0,,,,,,,1.0,,,,,,,,,,,,,,,,,
raspberriesseedsitem,.meta,items\raspberriesseedsitem.meta,Raspberries Seeds,Common,81904.0,0.0,0.0,True,,,,,,,,,,,,,,,,,,,,,,,,,
raspberriesseedsrecipeitem,.meta,items\raspberriesseedsrecipeitem.meta,Raspberries Seeds Recipe,Legendary,22000.0,0.0,0.0,False,,,,,,,,,,,,,,,,,,,,,,,,,
ratitem,.meta,items\ratitem.meta,Rat,Rare,700.0,2.0,0.0,True,100.0,1.0,,,,,,,,,,,,,,,,,,,,,,,
redladybugitem,.meta,items\redladybugitem.meta,Red Ladybug,Common,8500.0,1.0,0.0,True,,,,,,,,,,,,,,,,,,,,,,,,,
redroseitem,.meta,items\redroseitem.meta,Red Rose,Legendary,8100.0,5.0,0.0,True,,,,,,,,1.0,,,,,,,,,,,,,,,,,
redroseseedsitem,.meta,items\redroseseedsitem.meta,Red Rose Seeds,Common,81916.0,0.0,0.0,True,,,,,,,,,,,,,,,,,,,,,,,,,
redroseseedsrecipeitem,.meta,items\redroseseedsrecipeitem.meta,Red Rose Seeds Recipe,Legendary,22015.0,0.0,0.0,False,,,,,,,,,,,,,,,,,,,,,,,,,
redscarfaccessoryitem,.meta,items\redscarfaccessoryitem.meta,Red Scarf Accessory,Legendary,16800.0,0.0,0.0,False,,,,,,,,,,,,,,,,,,,,,,,,,
robinitem,.meta,items\robinitem.meta,Robin,Uncommon,1700.0,9.0,0.0,True,200.0,1.0,,,,,,,,,,,,,,,,,,,,,,,
rockdebrisitem,.meta,items\rockdebrisitem.meta,Rock Debris,Common,12100.0,0.0,1.0,True,,,,,,,,,,,,,,,,,,,,,,,,,
rosymothitem,.meta,items\rosymothitem.meta,Rosy Moth,Legendary,9600.0,60.0,0.0,True,,,,,,,,,,,,,,,,,,,,,,,,,
roundglassesaccessoryitem,.meta,items\roundglassesaccessoryitem.meta,Round Glasses Accessory,Legendary,15900.0,0.0,0.0,False,,,,,,,,,,,,,,,,,,,,,,,,,
rubbermatfurnitureitem,.meta,items\rubbermatfurnitureitem.meta,Rubber Mat Furniture,Legendary,9500.0,0.0,0.0,False,,,,,,,,,,,,,,,,,,,,,,,,,
rubyitem,.meta,items\rubyitem.meta,Ruby,Rare,13100.0,12.0,30.0,True,,,,,,,,,,,,,,,,,,,,,,,,,
salmonitem,.meta,items\salmonitem.meta,Salmon,Uncommon,3000.0,12.0,0.0,True,300.0,1.0,,,,,,,,,,,,,,,,,,,,,,,
sapphireitem,.meta,items\sapphireitem.meta,Sapphire,Uncommon,12800.0,3.0,8.0,True,,,,,,,,,,,,,,,,,,,,,,,,,
scallopitem,.meta,items\scallopitem.meta,Scallop,Common,11300.0,2.0,0.0,True,,,,,,,,,,,,,,,,,,,,,,,,,
seabassitem,.meta,items\seabassitem.meta,Sea Bass,Common,3081.0,7.0,0.0,True,200.0,1.0,,,,,,,,,,,,,,,,,,,,,,,
shaleitem,.meta,items\shaleitem.meta,Shale,Common,12123.0,1.0,3.0,True,,,,,,,,,,,,,,,,,,,,,,,,,
shimmercragitem,.meta,items\shimmercragitem.meta,Shimmercrag,Rare,13023.0,8.0,34.0,True,,,,,,,,,,,,,,,,,,,,,,,,,
shinycurioitem,.meta,items\shinycurioitem.meta,Shiny Curio,Rare,99908.0,12.0,0.0,True,,,,,,,,,,,,,,,,,,,,,,,,,
shinytrinketitem,.meta,items\shinytrinketitem.meta,Shiny Trinket,Legendary,8300.0,50.0,0.0,True,,,,,,,,,,,,,,,,,,,,,,,,,
shinytrinketrecipeitem,.meta,items\shinytrinketrecipeitem.meta,Shiny Trinket Recipe,Legendary,42000.0,0.0,0.0,False,,,,,,,,,,,,,,,,,,,,,,,,,
shrewitem,.meta,items\shrewitem.meta,Shrew,Common,200.0,8.0,0.0,True,200.0,1.0,,,,,,,,,,,,,,,,,,,,,,,
silvercrownaccessoryitem,.meta,items\silvercrownaccessoryitem.meta,Silver Crown Accessory,Legendary,15000.0,0.0,0.0,False,,,,,,,,,,,,,,,,,,,,,,,,,
silveroreitem,.meta,items\silveroreitem.meta,Silver Ore,Common,12300.0,1.0,3.0,True,,,,,,,,,,,,,,,,,,,,,,,,,
smallcurioitem,.meta,items\smallcurioitem.meta,Small Curio,Rare,99910.0,12.0,0.0,True,,,,,,,,,,,,,,,,,,,,,,,,,
snakeitem,.meta,items\snakeitem.meta,Snake,Rare,2500.0,10.0,0.0,True,200.0,1.0,,,,,,,,,,,,,,,,,,,,,,,
snakelilyfairitem,.meta,items\snakelilyfairitem.meta,Snake Lily [Fair],Uncommon,6800.0,6.0,0.0,True,,,,,,1800.0,,1.0,,,,,,,,,,,,,,,,,
snakelilygooditem,.meta,items\snakelilygooditem.meta,Snake Lily [Good],Uncommon,6900.0,9.0,0.0,True,,,,,,2400.0,,1.0,,,,,,,,,,,,,,,,,
snakelilypooritem,.meta,items\snakelilypooritem.meta,Snake Lily [Poor],Uncommon,6700.0,3.0,0.0,True,,,,,,1200.0,,1.0,,,,,,,,,,,,,,,,,
snakelilyseedsitem,.meta,items\snakelilyseedsitem.meta,Snake Lily Seeds,Common,81910.0,0.0,0.0,True,,,,,,,,,,,,,,,,,,,,,,,,,
snakelilyseedsrecipeitem,.meta,items\snakelilyseedsrecipeitem.meta,Snake Lily Seeds Recipe,Legendary,22009.0,0.0,0.0,False,,,,,,,,,,,,,,,,,,,,,,,,,
snowysweateraccessoryitem,.meta,items\snowysweateraccessoryitem.meta,Snowy Sweater Accessory,Legendary,17200.0,0.0,0.0,False,,,,,,,,,,,,,,,,,,,,,,,,,
softcurioitem,.meta,items\softcurioitem.meta,Soft Curio,Rare,99904.0,12.0,0.0,True,,,,,,,,,,,,,,,,,,,,,,,,,
southerndamselflyitem,.meta,items\southerndamselflyitem.meta,Southern Damselfly,Common,10500.0,1.0,0.0,True,,,,,,,,,,,,,,,,,,,,,,,,,
sparklycurioitem,.meta,items\sparklycurioitem.meta,Sparkly Curio,Rare,99919.0,12.0,0.0,True,,,,,,,,,,,,,,,,,,,,,,,,,
sparrowitem,.meta,items\sparrowitem.meta,Sparrow,Common,1400.0,7.0,0.0,True,200.0,1.0,,,,,,,,,,,,,,,,,,,,,,,
sphinxmothitem,.meta,items\sphinxmothitem.meta,Sphinx Moth,Common,9300.0,1.0,0.0,True,,,,,,,,,,,,,,,,,,,,,,,,,
spideritem,.meta,items\spideritem.meta,Spider,Rare,11900.0,15.0,0.0,True,,,,,,,,,,,,,,,,,,,,,,,,,
spikeballitem,.meta,items\spikeballitem.meta,Spikeball,Common,923.0,0.0,0.0,False,,,,,,,,,,,,,,,,,,,,,,,,,
spikecollaraccessoryitem,.meta,items\spikecollaraccessoryitem.meta,Spike Collar Accessory,Legendary,16600.0,0.0,0.0,False,,,,,,,,,,,,,,,,,,,,,,,,,
spiketrapfurnitureitem,.meta,items\spiketrapfurnitureitem.meta,Spike Trap Furniture,Legendary,9500.0,0.0,0.0,False,,,,,,,,,,,,,,,,,,,,,,,,,
spring1recorditem,.meta,items\spring1recorditem.meta,Spring 1 Record,Legendary,19930.0,0.0,0.0,False,,,,,,,,,,,,,,,,,,,,,,,,,
spring2recorditem,.meta,items\spring2recorditem.meta,Spring 2 Record,Legendary,19930.0,0.0,0.0,False,,,,,,,,,,,,,,,,,,,,,,,,,
spring3recorditem,.meta,items\spring3recorditem.meta,Spring 3 Record,Legendary,19930.0,0.0,0.0,False,,,,,,,,,,,,,,,,,,,,,,,,,
springfestivalrecorditem,.meta,items\springfestivalrecorditem.meta,Spring Festival Record,Legendary,19930.0,0.0,0.0,False,,,,,,,,,,,,,,,,,,,,,,,,,
springycurioitem,.meta,items\springycurioitem.meta,Springy Curio,Rare,99916.0,12.0,0.0,True,,,,,,,,,,,,,,,,,,,,,,,,,
squareglassesaccessoryitem,.meta,items\squareglassesaccessoryitem.meta,Square Glasses Accessory,Legendary,16000.0,0.0,0.0,False,,,,,,,,,,,,,,,,,,,,,,,,,
squirrelitem,.meta,items\squirrelitem.meta,Squirrel,Common,300.0,8.0,0.0,True,200.0,1.0,,,,,,,,,,,,,,,,,,,,,,,
starlingitem,.meta,items\starlingitem.meta,Starling,Legendary,2100.0,40.0,0.0,True,400.0,2.0,,,,,,,,,,,,,,,,,,,,,,,
stoatitem,.meta,items\stoatitem.meta,Stoat,Rare,1000.0,20.0,0.0,True,300.0,2.0,,,,,,,,,,,,,,,,,,,,,,,
stonedaisfurnitureitem,.meta,items\stonedaisfurnitureitem.meta,Stone Dais Furniture,Legendary,9500.0,0.0,0.0,False,,,,,,,,,,,,,,,,,,,,,,,,,
stretchmatfurnitureitem,.meta,items\stretchmatfurnitureitem.meta,Stretch Mat Furniture,Legendary,9500.0,0.0,0.0,False,,,,,,,,,,,,,,,,,,,,,,,,,
stretchycurioitem,.meta,items\stretchycurioitem.meta,Stretchy Curio,Rare,99907.0,12.0,0.0,True,,,,,,,,,,,,,,,,,,,,,,,,,
stripedsweateraccessoryitem,.meta,items\stripedsweateraccessoryitem.meta,Striped Sweater Accessory,Legendary,17400.0,0.0,0.0,False,,,,,,,,,,,,,,,,,,,,,,,,,
summer1recorditem,.meta,items\summer1recorditem.meta,Summer 1 Record,Legendary,19930.0,0.0,0.0,False,,,,,,,,,,,,,,,,,,,,,,,,,
summer2recorditem,.meta,items\summer2recorditem.meta,Summer 2 Record,Legendary,19930.0,0.0,0.0,False,,,,,,,,,,,,,,,,,,,,,,,,,
summer3recorditem,.meta,items\summer3recorditem.meta,Summer 3 Record,Legendary,19930.0,0.0,0.0,False,,,,,,,,,,,,,,,,,,,,,,,,,
summerfestivalrecorditem,.meta,items\summerfestivalrecorditem.meta,Summer Festival Record,Legendary,19930.0,0.0,0.0,False,,,,,,,,,,,,,,,,,,,,,,,,,
summersweateraccessoryitem,.meta,items\summersweateraccessoryitem.meta,Summer Sweater Accessory,Legendary,17500.0,0.0,0.0,False,,,,,,,,,,,,,,,,,,,,,,,,,
supplytroveitem,.meta,items\supplytroveitem.meta,Supply Trove,Legendary,8068.0,14.0,0.0,True,,2.0,2.0,,,,,2.0,,,,2.0,,,2.0,,,,,,,2.0,,,
supplytroverecipeitem,.meta,items\supplytroverecipeitem.meta,Supply Trove Recipe,Legendary,22015.0,0.0,0.0,False,,,,,,,,,,,,,,,,,,,,,,,,,
surcoataccessoryitem,.meta,items\surcoataccessoryitem.meta,Surcoat Accessory,Legendary,17600.0,0.0,0.0,False,,,,,,,,,,,,,,,,,,,,,,,,,
sweetcurioitem,.meta,items\sweetcurioitem.meta,Sweet Curio,Rare,99912.0,12.0,0.0,True,,,,,,,,,,,,,,,,,,,,,,,,,
teethmaskaccessoryitem,.meta,items\teethmaskaccessoryitem.meta,Teeth Mask Accessory,Legendary,16500.0,0.0,0.0,False,,,,,,,,,,,,,,,,,,,,,,,,,
theatermaskaccessoryitem,.meta,items\theatermaskaccessoryitem.meta,Theater Mask Accessory,Legendary,16200.0,0.0,0.0,False,,,,,,,,,,,,,,,,,,,,,,,,,
thistlefairitem,.meta,items\thistlefairitem.meta,Thistle [Fair],Rare,6500.0,5.0,0.0,True,,,,,,,,1.0,,,,,,,,,,,,,,,1200.0,,
thistlegooditem,.meta,items\thistlegooditem.meta,Thistle [Good],Rare,6600.0,7.0,0.0,True,,,,,,,,1.0,,,,,,,,,,,,,,,1800.0,,
thistlepooritem,.meta,items\thistlepooritem.meta,Thistle [Poor],Rare,6400.0,3.0,0.0,True,,,,,,,,1.0,,,,,,,,,,,,,,,600.0,,
thistleseedsitem,.meta,items\thistleseedsitem.meta,Thistle Seeds,Common,81909.0,0.0,0.0,True,,,,,,,,,,,,,,,,,,,,,,,,,
thistleseedsrecipeitem,.meta,items\thistleseedsrecipeitem.meta,Thistle Seeds Recipe,Legendary,22008.0,0.0,0.0,False,,,,,,,,,,,,,,,,,,,,,,,,,
thrushitem,.meta,items\thrushitem.meta,Thrush,Common,1200.0,7.0,0.0,True,200.0,1.0,,,,,,,,,,,,,,,,,,,,,,,
tiaraaccessoryitem,.meta,items\tiaraaccessoryitem.meta,Tiara Accessory,Legendary,15500.0,0.0,0.0,False,,,,,,,,,,,,,,,,,,,,,,,,,
tigerbutterflyitem,.meta,items\tigerbutterflyitem.meta,Tiger Butterfly,Uncommon,9800.0,2.0,0.0,True,,,,,,,,,,,,,,,,,,,,,,,,,
toaditem,.meta,items\toaditem.meta,Toad,Rare,2400.0,7.0,0.0,True,300.0,1.0,,,,,,,,,,,,,,,,,,,,,,,
topazitem,.meta,items\topazitem.meta,Topaz,Uncommon,12600.0,2.0,6.0,True,,,,,,,,,,,,,,,,,,,,,,,,,
tophataccessoryitem,.meta,items\tophataccessoryitem.meta,Top Hat Accessory,Legendary,14800.0,0.0,0.0,False,,,,,,,,,,,,,,,,,,,,,,,,,
trainingmanualitem,.meta,items\trainingmanualitem.meta,Training Manual,Uncommon,8061.0,7.0,0.0,True,,,,,,,,,,,,,,,,,,,,,,,,50.0,
treasurechestfurnitureitem,.meta,items\treasurechestfurnitureitem.meta,Treasure Chest Furniture,Legendary,9500.0,0.0,0.0,False,,,,,,,,,,,,,,,,,,,,,,,,,
treasurehoardbedfurnitureitem,.meta,items\treasurehoardbedfurnitureitem.meta,Treasure Hoard Bed Furniture,Legendary,9500.0,0.0,0.0,False,,,,,,,,,,,,,,,,,,,,,,,,,
tremortroveitem,.meta,items\tremortroveitem.meta,Tremortrove,Common,923.0,0.0,0.0,False,,,,,,,,,,,,,,,,,,,,,,,,,
tropicalbutterflyitem,.meta,items\tropicalbutterflyitem.meta,Tropical Butterfly,Rare,9900.0,4.0,0.0,True,,,,,,,,,,,,,,,,,,,,,,,,,
troutitem,.meta,items\troutitem.meta,Trout,Common,2800.0,8.0,0.0,True,200.0,1.0,,,,,,,,,,,,,,,,,,,,,,,
troutplaquefurnitureitem,.meta,items\troutplaquefurnitureitem.meta,Trout Plaque Furniture,Legendary,9500.0,0.0,0.0,False,,,,,,,,,,,,,,,,,,,,,,,,,
turretitem,.meta,items\turretitem.meta,Turret,Uncommon,11500.0,5.0,0.0,True,,,,,,,,,,,,,,,,,,,,,,,,,
turtleitem,.meta,items\turtleitem.meta,Turtle,Legendary,2700.0,40.0,0.0,True,300.0,1.0,,,,,,,,,,,,,,,,,,,,,,,
tussockmothitem,.meta,items\tussockmothitem.meta,Tussock Moth,Rare,9500.0,4.0,0.0,True,,,,,,,,,,,,,,,,,,,,,,,,,
undergroundindustryrecorditem,.meta,items\undergroundindustryrecorditem.meta,Underground Industry Record,Legendary,19930.0,0.0,0.0,False,,,,,,,,,,,,,,,,,,,,,,,,,
unidentifiedcurioitem,.meta,items\unidentifiedcurioitem.meta,Unidentified Curio,Rare,99901.0,10.0,0.0,True,,,,,,,,,,,,,,,,,,,,,,,,,
unidentifiedcuriorecipeitem,.meta,items\unidentifiedcuriorecipeitem.meta,Unidentified Curio Recipe,Legendary,42909.0,0.0,0.0,False,,,,,,,,,,,,,,,,,,,,,,,,,
valerianfairitem,.meta,items\valerianfairitem.meta,Valerian [Fair],Common,5900.0,4.0,0.0,True,,,,,,,,1.0,,,,,,,,,,,,,,,,,1200.0
valeriangooditem,.meta,items\valeriangooditem.meta,Valerian [Good],Common,6000.0,6.0,0.0,True,,,,,,,,1.0,,,,,,,,,,,,,,,,,1800.0
valerianpooritem,.meta,items\valerianpooritem.meta,Valerian [Poor],Common,5800.0,2.0,0.0,True,,,,,,,,1.0,,,,,,,,,,,,,,,,,600.0
valerianseedsitem,.meta,items\valerianseedsitem.meta,Valerian Seeds,Common,81902.0,0.0,0.0,True,,,,,,,,,,,,,,,,,,,,,,,,,
valerianseedsrecipeitem,.meta,items\valerianseedsrecipeitem.meta,Valerian Seeds Recipe,Legendary,22003.0,0.0,0.0,False,,,,,,,,,,,,,,,,,,,,,,,,,
vialofspringshowersitem,.meta,items\vialofspringshowersitem.meta,Vial of Spring Showers,Common,98901.0,4.0,0.0,True,,,,,,,,,,True,,,,,,,,,,,,,,,
voidlingcatitem,.meta,items\voidlingcatitem.meta,VoidlingCat,Common,932.0,0.0,0.0,False,,,,,,,,,,,,,,,,,,,,,,,,,
voidmarrowitem,.meta,items\voidmarrowitem.meta,Voidmarrow,Common,12041.0,1.0,0.0,True,,,,,,,,,,,,,,,,,,,,,,,,,
voleitem,.meta,items\voleitem.meta,Vole,Uncommon,400.0,10.0,0.0,True,200.0,1.0,,,,,,,,,,,,,,,,,,,,,,,
wallcrystalsfurnitureitem,.meta,items\wallcrystalsfurnitureitem.meta,Wall Crystals Furniture,Legendary,9500.0,0.0,0.0,False,,,,,,,,,,,,,,,,,,,,,,,,,
weaselitem,.meta,items\weaselitem.meta,Weasel,Legendary,1100.0,40.0,0.0,True,400.0,2.0,,,,,,,,,,,,,,,,,,,,,,,
whiskersaccessoryitem,.meta,items\whiskersaccessoryitem.meta,Whiskers Accessory,Legendary,16300.0,0.0,0.0,False,,,,,,,,,,,,,,,,,,,,,,,,,
whitebuttonitem,.meta,items\whitebuttonitem.meta,White Button,Common,3500.0,6.0,0.0,True,100.0,,,,,,,,,,,,,,,,,,,,,,,,
whitecavecricketitem,.meta,items\whitecavecricketitem.meta,White Cave Cricket,Uncommon,11270.0,3.0,0.0,True,,,,,,,,,,,,,,,,,,,,,,,,,
whitefireflyitem,.meta,items\whitefireflyitem.meta,White Firefly,Common,10100.0,1.0,0.0,True,,,,,,,,,,,,,,,,,,,,,,,,,
whitefloweraccessoryitem,.meta,items\whitefloweraccessoryitem.meta,White Flower Accessory,Legendary,15200.0,0.0,0.0,False,,,,,,,,,,,,,,,,,,,,,,,,,
whitespikecollaraccessoryitem,.meta,items\whitespikecollaraccessoryitem.meta,White Spike Collar Accessory,Legendary,16600.0,0.0,0.0,False,,,,,,,,,,,,,,,,,,,,,,,,,
whorlitem,.meta,items\whorlitem.meta,Whorl,Rare,11600.0,8.0,0.0,True,,,,,,,,,,,,,,,,,,,,,,,,,
wildwoodrecorditem,.meta,items\wildwoodrecorditem.meta,Wildwood Record,Legendary,19930.0,0.0,0.0,False,,,,,,,,,,,,,,,,,,,,,,,,,
winter1recorditem,.meta,items\winter1recorditem.meta,Winter 1 Record,Legendary,19930.0,0.0,0.0,False,,,,,,,,,,,,,,,,,,,,,,,,,
winter2recorditem,.meta,items\winter2recorditem.meta,Winter 2 Record,Legendary,19930.0,0.0,0.0,False,,,,,,,,,,,,,,,,,,,,,,,,,
winter3recorditem,.meta,items\winter3recorditem.meta,Winter 3 Record,Legendary,19930.0,0.0,0.0,False,,,,,,,,,,,,,,,,,,,,,,,,,
winterfestivalrecorditem,.meta,items\winterfestivalrecorditem.meta,Winter Festival Record,Legendary,19930.0,0.0,0.0,False,,,,,,,,,,,,,,,,,,,,,,,,,
winterlightsfurnitureitem,.meta,items\winterlightsfurnitureitem.meta,Winter Lights Furniture,Legendary,9500.0,0.0,0.0,False,,,,,,,,,,,,,,,,,,,,,,,,,
wirycurioitem,.meta,items\wirycurioitem.meta,Wiry Curio,Rare,99909.0,12.0,0.0,True,,,,,,,,,,,,,,,,,,,,,,,,,
wolfspideritem,.meta,items\wolfspideritem.meta,Wolf Spider,Rare,12000.0,2.0,0.0,True,,,,,,,,,,,,,,,,,,,,,,,,,
woodencurioitem,.meta,items\woodencurioitem.meta,Wooden Curio,Rare,99915.0,12.0,0.0,True,,,,,,,,,,,,,,,,,,,,,,,,,
woolycurioitem,.meta,items\woolycurioitem.meta,Wooly Curio,Rare,99920.0,12.0,0.0,True,,,,,,,,,,,,,,,,,,,,,,,,,
wovenrugfurnitureitem,.meta,items\wovenrugfurnitureitem.meta,Woven Rug Furniture,Legendary,9500.0,0.0,0.0,False,,,,,,,,,,,,,,,,,,,,,,,,,
wrenitem,.meta,items\wrenitem.meta,Wren,Uncommon,1500.0,7.0,0.0,True,100.0,1.0,,,,,,,,,,,,,,,,,,,,,,,
wretchedtalismanitem,.meta,items\wretchedtalismanitem.meta,Wretched Talisman,Legendary,799929.0,20.0,0.0,True,,,,,,,,,,,,,,,,,,,,,,,,,
wretchedtalismanrecipeitem,.meta,items\wretchedtalismanrecipeitem.meta,Wretched Talisman Recipe,Legendary,44208.0,0.0,0.0,False,,,,,,,,,,,,,,,,,,,,,,,,,
yellowfireflyitem,.meta,items\yellowfireflyitem.meta,Yellow Firefly,Uncommon,10200.0,2.0,0.0,True,,,,,,,,,,,,,,,,,,,,,,,,,
yellowladybugitem,.meta,items\yellowladybugitem.meta,Yellow Ladybug,Uncommon,8600.0,2.0,0.0,True,,,,,,,,,,,,,,,,,,,,,,,,,
